round,region,country,country_in_filter,year,status,dataset.status,dataset.url,archive,extra_info,report_url
MICS2,East Asia and the Pacific,Indonesia,Indonesia,2000,Completed,Available,https://mics-surveys-prod.s3.amazonaws.com/MICS2/East%20Asia%20and%20the%20Pacific/Indonesia/2000/Datasets/Indonesia%20MICS2%202000_Datasets.zip,,,https://mics-surveys-prod.s3.amazonaws.com/MICS2/East%20Asia%20and%20the%20Pacific/Indonesia/2000/Final/Indonesia%202000%20MICS_English.zip
MICS2,East Asia and the Pacific,Lao People's Democratic Republic,Lao People's Democratic Republic,2000,Completed,Available,https://mics-surveys-prod.s3.amazonaws.com/MICS2/East%20Asia%20and%20the%20Pacific/Lao%20People%27s%20Democratic%20Republic/2000/Datasets/Lao%20PDR%202000%20MICS_Datasets.zip,,,https://mics-surveys-prod.s3.amazonaws.com/MICS2/East%20Asia%20and%20the%20Pacific/Lao%20People%27s%20Democratic%20Republic/2000/Final/Lao%20People%27s%20Democratic%20Republic%202000%20MICS_English.zip
MICS2,East Asia and the Pacific,Mongolia,Mongolia,2000,Completed,Available,https://mics-surveys-prod.s3.amazonaws.com/MICS2/East%20Asia%20and%20the%20Pacific/Mongolia/2000/Datasets/Mongolia%202000%20MICS_Datasets.zip,,,https://mics-surveys-prod.s3.amazonaws.com/MICS2/East%20Asia%20and%20the%20Pacific/Mongolia/2000/Final/Mongolia%202000%20MICS_English.zip
MICS2,East Asia and the Pacific,"Myanmar, Republic of the Union of","Myanmar, Republic of the Union of",2000,Completed,Available,https://mics-surveys-prod.s3.amazonaws.com/MICS2/East%20Asia%20and%20the%20Pacific/Myanmar%2C%20Republic%20of%20the%20Union%20of/2000/Datasets/Myanmar%202000%20MICS_Datasets.zip,,,https://mics-surveys-prod.s3.amazonaws.com/MICS2/East%20Asia%20and%20the%20Pacific/Myanmar%2C%20Republic%20of%20the%20Union%20of/2000/Final/Myanmar%202000%20MICS_English.zip
MICS2,East Asia and the Pacific,Philippines,Philippines,1999,Completed,Available,https://mics-surveys-prod.s3.amazonaws.com/MICS2/East%20Asia%20and%20the%20Pacific/Philippines/1999/Datasets/Philippines%201999%20MICS_Datasets.zip,,,https://mics-surveys-prod.s3.amazonaws.com/MICS2/East%20Asia%20and%20the%20Pacific/Philippines/1999/Final/Philippines%201999%20MICS_English.zip
MICS2,East Asia and the Pacific,Viet Nam,Viet Nam,2000,Completed,Available,https://mics-surveys-prod.s3.amazonaws.com/MICS2/East%20Asia%20and%20the%20Pacific/Viet%20Nam/2000/Datasets/Viet%20Nam%202000%20MICS_Datasets.zip,,,https://mics-surveys-prod.s3.amazonaws.com/MICS2/East%20Asia%20and%20the%20Pacific/Viet%20Nam/2000/Final/Viet%20Nam%202000%20MICS_English.zip
MICS2,Eastern and Southern Africa,Angola,Angola,2001,Completed,Available,https://mics-surveys-prod.s3.amazonaws.com/MICS2/Eastern%20and%20Southern%20Africa/Angola/2001/Datasets/Angola%202001%20MICS_Datasets.zip,,,https://mics-surveys-prod.s3.amazonaws.com/MICS2/Eastern%20and%20Southern%20Africa/Angola/2001/Final/Angola%202001%20MICS_English.zip
MICS2,Eastern and Southern Africa,Botswana,Botswana,2000,Completed,Available,https://mics-surveys-prod.s3.amazonaws.com/MICS2/Eastern%20and%20Southern%20Africa/Botswana/2000/Datasets/Botswana%202000%20MICS_Datasets.zip,,,https://mics-surveys-prod.s3.amazonaws.com/MICS2/Eastern%20and%20Southern%20Africa/Botswana/2000/Final/Botswana%202000%20MICS_English.pdf
MICS2,Eastern and Southern Africa,Burundi,Burundi,2000,Completed,Available,https://mics-surveys-prod.s3.amazonaws.com/MICS2/Eastern%20and%20Southern%20Africa/Burundi/2000/Datasets/Burundi%202000%20MICS_Datasets.zip,,,https://mics-surveys-prod.s3.amazonaws.com/MICS2/Eastern%20and%20Southern%20Africa/Burundi/2000/Final/Burundi%202000%20MICS_French.zip
MICS2,Eastern and Southern Africa,Comoros,Comoros,2000,Completed,Available,https://mics-surveys-prod.s3.amazonaws.com/MICS2/Eastern%20and%20Southern%20Africa/Comoros/2000/Datasets/Comoros%202000%20MICS_Datasets.zip,,,https://mics-surveys-prod.s3.amazonaws.com/MICS2/Eastern%20and%20Southern%20Africa/Comoros/2000/Final/Comoros%202000%20MICS_French.zip
MICS2,Eastern and Southern Africa,Eswatini,Eswatini,2000,Completed,Available,https://mics-surveys-prod.s3.amazonaws.com/MICS2/Eastern%20and%20Southern%20Africa/Eswatini/2000/Datasets/Swaziland%202000%20MICS_Datasets.zip,,,https://mics-surveys-prod.s3.amazonaws.com/MICS2/Eastern%20and%20Southern%20Africa/Eswatini/2000/Final/Swaziland%202000%20MICS_English.zip
MICS2,Eastern and Southern Africa,Kenya,Kenya,2000,Completed,Available,https://mics-surveys-prod.s3.amazonaws.com/MICS2/Eastern%20and%20Southern%20Africa/Kenya/2000/Datasets/Kenya%202000%20MICS_Datasets.zip,,,https://mics-surveys-prod.s3.amazonaws.com/MICS2/Eastern%20and%20Southern%20Africa/Kenya/2000/Preliminary/Kenya%202000%20MICS%20Preliminary_English.zip
MICS2,Eastern and Southern Africa,Lesotho,Lesotho,2000,Completed,Available,https://mics-surveys-prod.s3.amazonaws.com/MICS2/Eastern%20and%20Southern%20Africa/Lesotho/2000/Datasets/Lesotho%202000%20MICS_Datasets.zip,,,https://mics-surveys-prod.s3.amazonaws.com/MICS2/Eastern%20and%20Southern%20Africa/Lesotho/2000/Final/Lesotho%202000%20MICS_English.zip
MICS2,Eastern and Southern Africa,Madagascar,Madagascar,2000,Completed,Available,https://mics-surveys-prod.s3.amazonaws.com/MICS2/Eastern%20and%20Southern%20Africa/Madagascar/2000/Datasets/Madagascar%202000%20MICS_Datasets.zip,,,https://mics-surveys-prod.s3.amazonaws.com/MICS2/Eastern%20and%20Southern%20Africa/Madagascar/2000/Final/Madagascar%202000%20MICS_French.pdf
MICS2,Eastern and Southern Africa,Rwanda,Rwanda,2000,Completed,Available,https://mics-surveys-prod.s3.amazonaws.com/MICS2/Eastern%20and%20Southern%20Africa/Rwanda/2000/Datasets/Rwanda%202000%20MICS_Datasets.zip,,,https://mics-surveys-prod.s3.amazonaws.com/MICS2/Eastern%20and%20Southern%20Africa/Rwanda/2000/Final/Rwanda%202000%20MICS_French.zip
MICS2,Eastern and Southern Africa,Zambia,Zambia,1999,Completed,Available,https://mics-surveys-prod.s3.amazonaws.com/MICS2/Eastern%20and%20Southern%20Africa/Zambia/1999/Datasets/Zambia%201999%20MICS_Datasets.zip,,,https://mics-surveys-prod.s3.amazonaws.com/MICS2/Eastern%20and%20Southern%20Africa/Zambia/1999/Final/Zambia%201999%20MICS_English.zip
MICS2,Europe and Central Asia,Albania,Albania,2000,Completed,Available,https://mics-surveys-prod.s3.amazonaws.com/MICS2/Europe%20and%20Central%20Asia/Albania/2000/Datasets/Albania%202000%20MICS_Datasets.zip,,,https://mics-surveys-prod.s3.amazonaws.com/MICS2/Europe%20and%20Central%20Asia/Albania/2000/Final/Albania%202000%20MICS_English.zip
MICS2,Europe and Central Asia,Azerbaijan,Azerbaijan,2000,Completed,Available,https://mics-surveys-prod.s3.amazonaws.com/MICS2/Europe%20and%20Central%20Asia/Azerbaijan/2000/Datasets/Azerbaijan%202000%20MICS_Datasets.zip,,,https://mics-surveys-prod.s3.amazonaws.com/MICS2/Europe%20and%20Central%20Asia/Azerbaijan/2000/Final/Azerbaijan%202000%20MICS_English.zip
MICS2,Europe and Central Asia,Bosnia and Herzegovina,Bosnia and Herzegovina,2000,Completed,Available,https://mics-surveys-prod.s3.amazonaws.com/MICS2/Europe%20and%20Central%20Asia/Bosnia%20and%20Herzegovina/2000/Datasets/Bosnia%20and%20Herzegovina%202000%20MICS_Datasets.zip,,,https://mics-surveys-prod.s3.amazonaws.com/MICS2/Europe%20and%20Central%20Asia/Bosnia%20and%20Herzegovina/2000/Final/Bosnia%20and%20Herzegovina%202000%20MICS_Bosnian.pdf
MICS2,Europe and Central Asia,"Moldova, Republic of","Moldova, Republic of",2000,Completed,Available,https://mics-surveys-prod.s3.amazonaws.com/MICS2/Europe%20and%20Central%20Asia/Moldova%2C%20Republic%20of/2000/Datasets/Moldova%202000%20MICS_Datasets.zip,,,https://mics-surveys-prod.s3.amazonaws.com/MICS2/Europe%20and%20Central%20Asia/Moldova%2C%20Republic%20of/2000/Final/Moldova%202000%20MICS_English.zip
MICS2,Europe and Central Asia,Tajikistan,Tajikistan,2000,Completed,Available,https://mics-surveys-prod.s3.amazonaws.com/MICS2/Europe%20and%20Central%20Asia/Tajikistan/2000/Datasets/Tajikistan%202000%20MICS_Datasets.zip,,,https://mics-surveys-prod.s3.amazonaws.com/MICS2/Europe%20and%20Central%20Asia/Tajikistan/2000/Final/Tajikistan%202000%20MICS_English.zip
MICS2,Europe and Central Asia,Uzbekistan,Uzbekistan,2000,Completed,Available,https://mics-surveys-prod.s3.amazonaws.com/MICS2/Europe%20and%20Central%20Asia/Uzbekistan/2000/Datasets/Uzbekistan%202000%20MICS_Datasets.zip,,,https://mics-surveys-prod.s3.amazonaws.com/MICS2/Europe%20and%20Central%20Asia/Uzbekistan/2000/Final/Uzbekistan%202000%20MICS_English.zip
MICS2,Latin America and Caribbean,"Bolivia, Plurinational State of","Bolivia, Plurinational State of",2000,Completed,Available,https://mics-surveys-prod.s3.amazonaws.com/MICS2/Latin%20America%20and%20Caribbean/Bolivia%2C%20Plurinational%20State%20of/2000/Datasets/Bolivia%202000%20MICS_Datasets.zip,,,https://mics-surveys-prod.s3.amazonaws.com/MICS2/Latin%20America%20and%20Caribbean/Bolivia%2C%20Plurinational%20State%20of/2000/Final/Bolivia%202000%20MICS_Spanish.zip
MICS2,Latin America and Caribbean,Dominican Republic,Dominican Republic,2000,Completed,Available,https://mics-surveys-prod.s3.amazonaws.com/MICS2/Latin%20America%20and%20Caribbean/Dominican%20Republic/2000/Datasets/Dominican%20Republic%202000%20MICS_Datasets.zip,,,https://mics-surveys-prod.s3.amazonaws.com/MICS2/Latin%20America%20and%20Caribbean/Dominican%20Republic/2000/Final/Dominican%20Republic%202000%20MICS_Spanish.zip
MICS2,Latin America and Caribbean,Guyana,Guyana,2000,Completed,Available,https://mics-surveys-prod.s3.amazonaws.com/MICS2/Latin%20America%20and%20Caribbean/Guyana/2000/Datasets/Guyana%202000%20MICS_Datasets.zip,,,https://mics-surveys-prod.s3.amazonaws.com/MICS2/Latin%20America%20and%20Caribbean/Guyana/2000/Final/Guyana%202000%20MICS_English.zip
MICS2,Latin America and Caribbean,Suriname,Suriname,1999-2000,Completed,Available,https://mics-surveys-prod.s3.amazonaws.com/MICS2/Latin%20America%20and%20Caribbean/Suriname/1999-2000/Datasets/Suriname%202000%20MICS_Datasets.zip,,,https://mics-surveys-prod.s3.amazonaws.com/MICS2/Latin%20America%20and%20Caribbean/Suriname/1999-2000/Final/Suriname%201999-00%20MICS_English.pdf
MICS2,Latin America and Caribbean,Trinidad and Tobago,Trinidad and Tobago,2000,Completed,Available,https://mics-surveys-prod.s3.amazonaws.com/MICS2/Latin%20America%20and%20Caribbean/Trinidad%20and%20Tobago/2000/Datasets/Trinidad%20and%20Tobago%202000%20MICS_Datasets.zip,,,https://mics-surveys-prod.s3.amazonaws.com/MICS2/Latin%20America%20and%20Caribbean/Trinidad%20and%20Tobago/2000/Final/Trinidad%20and%20Tobago%202000%20MICS_English.zip
MICS2,Latin America and Caribbean,"Venezuela, Bolivarian Republic of","Venezuela, Bolivarian Republic of",2000,Completed,Available,https://mics-surveys-prod.s3.amazonaws.com/MICS2/Latin%20America%20and%20Caribbean/Venezuela%2C%20Bolivarian%20Republic%20of/2000/Datasets/Venezuela%202000%20MICS_Datasets.zip,,,https://mics-surveys-prod.s3.amazonaws.com/MICS2/Latin%20America%20and%20Caribbean/Venezuela%2C%20Bolivarian%20Republic%20of/2000/Final/Venezuela%202000%20MICS_Spanish.zip
MICS2,Middle East and North Africa,Iraq,Iraq,2000,Completed,Available,https://mics-surveys-prod.s3.amazonaws.com/MICS2/Middle%20East%20and%20North%20Africa/Iraq/2000/Datasets/Iraq%202000%20MICS_Datasets.zip,,,https://mics-surveys-prod.s3.amazonaws.com/MICS2/Middle%20East%20and%20North%20Africa/Iraq/2000/Final/Iraq%202000%20MICS_English.zip
MICS2,Middle East and North Africa,"Sudan (including current South Sudan, Republic of)",Sudan,2000,Completed,Available,https://mics-surveys-prod.s3.amazonaws.com/MICS2/Middle%20East%20and%20North%20Africa/Sudan%20%28including%20current%20South%20Sudan%2C%20Republic%20of%29/2000/Datasets/Sudan%202000%20MICS_Datasets.zip,,,https://mics-surveys-prod.s3.amazonaws.com/MICS2/Middle%20East%20and%20North%20Africa/Sudan%20%28including%20current%20South%20Sudan%2C%20Republic%20of%29/2000/Final/Sudan%202000%20MICS_English.zip
MICS2,West and Central Africa,Cameroon,Cameroon,2000,Completed,Available,https://mics-surveys-prod.s3.amazonaws.com/MICS2/West%20and%20Central%20Africa/Cameroon/2000/Datasets/Cameroon%202000%20MICS_Datasets.zip,,,https://mics-surveys-prod.s3.amazonaws.com/MICS2/West%20and%20Central%20Africa/Cameroon/2000/Final/Cameroon%202000%20MICS_French.zip
MICS2,West and Central Africa,Central African Republic,Central African Republic,2000,Completed,Available,https://mics-surveys-prod.s3.amazonaws.com/MICS2/West%20and%20Central%20Africa/Central%20African%20Republic/2000/Datasets/Central%20African%20Republic%202000%20MICS_Datasets.zip,,,https://mics-surveys-prod.s3.amazonaws.com/MICS2/West%20and%20Central%20Africa/Central%20African%20Republic/2000/Final/Central%20African%20Republic%202000%20MICS_French.zip
MICS2,West and Central Africa,Chad,Chad,2000,Completed,Available,https://mics-surveys-prod.s3.amazonaws.com/MICS2/West%20and%20Central%20Africa/Chad/2000/Datasets/Chad%202000%20MICS_Datasets.zip,,,https://mics-surveys-prod.s3.amazonaws.com/MICS2/West%20and%20Central%20Africa/Chad/2000/Final/Chad%202000%20MICS_French.zip
MICS2,West and Central Africa,"Congo, Democratic Republic of the","Congo, Democratic Republic of the",2001,Completed,Available,https://mics-surveys-prod.s3.amazonaws.com/MICS2/West%20and%20Central%20Africa/Congo%2C%20Democratic%20Republic%20of%20the/2001/Datasets/Congo%2C%20Democratic%20Republic%20of%202001%20MICS_Datasets.zip,,,https://mics-surveys-prod.s3.amazonaws.com/MICS2/West%20and%20Central%20Africa/Congo%2C%20Democratic%20Republic%20of%20the/2001/Final/Congo%2C%20Democratic%20Republic%20of%20the%202001%20MICS_French.zip
MICS2,West and Central Africa,C么te d'Ivoire,C么te d'Ivoire,2000,Completed,Available,https://mics-surveys-prod.s3.amazonaws.com/MICS2/West%20and%20Central%20Africa/C%C3%B4te%20d%27Ivoire/2000/Datasets/Cote%20d%27Ivoire%202000%20MICS_Datasets.zip,,,https://mics-surveys-prod.s3.amazonaws.com/MICS2/West%20and%20Central%20Africa/C%C3%B4te%20d%27Ivoire/2000/Final/Cote%20d%27Ivoire%202000%20MICS_French.zip
MICS2,West and Central Africa,Equatorial Guinea,Equatorial Guinea,2000,Completed,Available,https://mics-surveys-prod.s3.amazonaws.com/MICS2/West%20and%20Central%20Africa/Equatorial%20Guinea/2000/Datasets/Equatorial%20Guinea%202000%20MICS_Datasets.zip,,,https://mics-surveys-prod.s3.amazonaws.com/MICS2/West%20and%20Central%20Africa/Equatorial%20Guinea/2000/Final/Equatorial%20Guinea%202000%20MICS_Spanish.pdf
MICS2,West and Central Africa,Gambia,Gambia,2000,Completed,Available,https://mics-surveys-prod.s3.amazonaws.com/MICS2/West%20and%20Central%20Africa/Gambia/2000/Datasets/Gambia%202000%20MICS_Datasets.zip,,,https://mics-surveys-prod.s3.amazonaws.com/MICS2/West%20and%20Central%20Africa/Gambia/2000/Final/Gambia%202000%20MICS_English.zip
MICS2,West and Central Africa,Guinea-Bissau,Guinea-Bissau,2000,Completed,Available,https://mics-surveys-prod.s3.amazonaws.com/MICS2/West%20and%20Central%20Africa/Guinea-Bissau/2000/Datasets/Guinea%20Bissau%202000%20MICS_Datasets.zip,,,https://mics-surveys-prod.s3.amazonaws.com/MICS2/West%20and%20Central%20Africa/Guinea-Bissau/2000/Final/Guinea%20Bissau%202000%20MICS_English.zip
MICS2,West and Central Africa,Niger,Niger,2000,Completed,Available,https://mics-surveys-prod.s3.amazonaws.com/MICS2/West%20and%20Central%20Africa/Niger/2000/Datasets/Niger%202000%20MICS_Datasets.zip,,,https://mics-surveys-prod.s3.amazonaws.com/MICS2/West%20and%20Central%20Africa/Niger/2000/Final/Niger%202000%20MICS_French.zip
MICS2,West and Central Africa,Sao Tome and Principe,Sao Tome and Principe,2000,Completed,Available,https://mics-surveys-prod.s3.amazonaws.com/MICS2/West%20and%20Central%20Africa/Sao%20Tome%20and%20Principe/2000/Datasets/Sao%20Tome%20and%20Principle%202000%20MICS_Datasets.zip,,,https://mics-surveys-prod.s3.amazonaws.com/MICS2/West%20and%20Central%20Africa/Sao%20Tome%20and%20Principe/2000/Final/Sao%20Tome%20and%20Principe%202000%20MICS_French.zip
MICS2,West and Central Africa,Senegal,Senegal,2000,Completed,Available,https://mics-surveys-prod.s3.amazonaws.com/MICS2/West%20and%20Central%20Africa/Senegal/2000/Datasets/Senegal%202000%20MICS_Datasets.zip,,,https://mics-surveys-prod.s3.amazonaws.com/MICS2/West%20and%20Central%20Africa/Senegal/2000/Final/Senegal%202000%20MICS_French.zip
MICS2,West and Central Africa,Sierra Leone,Sierra Leone,2000,Completed,Available,https://mics-surveys-prod.s3.amazonaws.com/MICS2/West%20and%20Central%20Africa/Sierra%20Leone/2000/Datasets/Sierra%20Leone%202000%20MICS_Datasets.zip,,,https://mics-surveys-prod.s3.amazonaws.com/MICS2/West%20and%20Central%20Africa/Sierra%20Leone/2000/Final/Sierra%20Leone%202000%20MICS_English.zip
MICS2,West and Central Africa,Togo,Togo,2000,Completed,Available,https://mics-surveys-prod.s3.amazonaws.com/MICS2/West%20and%20Central%20Africa/Togo/2000/Datasets/Togo%202000%20MICS_Datasets.zip,,,https://mics-surveys-prod.s3.amazonaws.com/MICS2/West%20and%20Central%20Africa/Togo/2000/Final/Togo%202000%20MICS_French.zip
MICS3,East Asia and the Pacific,Lao People's Democratic Republic,Lao People's Democratic Republic,2006,Completed,Available,https://mics-surveys-prod.s3.amazonaws.com/MICS3/East%20Asia%20and%20the%20Pacific/Lao%20People%27s%20Democratic%20Republic/2006/Datasets/Lao%20PDR%202006%20MICS_Datasets.zip,,,https://mics-surveys-prod.s3.amazonaws.com/MICS3/East%20Asia%20and%20the%20Pacific/Lao%20People%27s%20Democratic%20Republic/2006/Final/Lao%20PDR%202006%20MICS_English.pdf
MICS3,East Asia and the Pacific,Mongolia,Mongolia,2005,Completed,Available,https://mics-surveys-prod.s3.amazonaws.com/MICS3/East%20Asia%20and%20the%20Pacific/Mongolia/2005/Datasets/Mongolia%202005%20MICS_Datasets.zip,https://mics-surveys-prod.s3.amazonaws.com/MICS3/East%20Asia%20and%20the%20Pacific/Mongolia/2005/Archive/mongolia-archive.zip,,https://mics-surveys-prod.s3.amazonaws.com/MICS3/East%20Asia%20and%20the%20Pacific/Mongolia/2005/Final/Mongolia%202005%20MICS_English.pdf
MICS3,East Asia and the Pacific,Thailand,Thailand,2005-2006,Completed,Available,https://mics-surveys-prod.s3.amazonaws.com/MICS3/East%20Asia%20and%20the%20Pacific/Thailand/2005-2006/Datasets/Thailand%202005-06%20MICS_Datasets.zip,https://mics-surveys-prod.s3.amazonaws.com/MICS3/East%20Asia%20and%20the%20Pacific/Thailand/2005-2006/Archive/thailand-archive.zip,,https://mics-surveys-prod.s3.amazonaws.com/MICS3/East%20Asia%20and%20the%20Pacific/Thailand/2005-2006/Final/Thailand%202005-06%20MICS_English.pdf
MICS3,East Asia and the Pacific,Vanuatu,Vanuatu,2007-2008,Completed,Available,https://mics-surveys-prod.s3.amazonaws.com/MICS3/East%20Asia%20and%20the%20Pacific/Vanuatu/2007-2008/Datasets/Vanuatu%202007%20MICS_Datasets.zip,,,https://mics-surveys-prod.s3.amazonaws.com/MICS3/East%20Asia%20and%20the%20Pacific/Vanuatu/2007-2008/Final/Vanuatu%202007%20MICS_English.pdf
MICS3,East Asia and the Pacific,Viet Nam,Viet Nam,2006,Completed,Available,https://mics-surveys-prod.s3.amazonaws.com/MICS3/East%20Asia%20and%20the%20Pacific/Viet%20Nam/2006/Datasets/Viet%20Nam%202006%20MICS_Datasets.zip,https://mics-surveys-prod.s3.amazonaws.com/MICS3/East%20Asia%20and%20the%20Pacific/Viet%20Nam/2006/Archive/vietnam-archive.zip,,https://mics-surveys-prod.s3.amazonaws.com/MICS3/East%20Asia%20and%20the%20Pacific/Viet%20Nam/2006/Final/Viet%20Nam%202006%20MICS_English.pdf
MICS3,Eastern and Southern Africa,Burundi,Burundi,2005,Completed,Available,https://mics-surveys-prod.s3.amazonaws.com/MICS3/Eastern%20and%20Southern%20Africa/Burundi/2005/Datasets/Burundi%202005%20MICS_Datasets.zip,,,https://mics-surveys-prod.s3.amazonaws.com/MICS3/Eastern%20and%20Southern%20Africa/Burundi/2005/Final/Burundi%202005%20MICS_French.pdf
MICS3,Eastern and Southern Africa,Malawi,Malawi,2006,Completed,Available,https://mics-surveys-prod.s3.amazonaws.com/MICS3/Eastern%20and%20Southern%20Africa/Malawi/2006/Datasets/Malawi%202006%20MICS_Datasets.zip,,,https://mics-surveys-prod.s3.amazonaws.com/MICS3/Eastern%20and%20Southern%20Africa/Malawi/2006/Final/Malawi%202006%20MICS_English.pdf
MICS3,Eastern and Southern Africa,Mozambique,Mozambique,2008,Completed,Available,https://mics-surveys-prod.s3.amazonaws.com/MICS3/Eastern%20and%20Southern%20Africa/Mozambique/2008/Datasets/Mozambique%202008%20MICS_Datasets.zip,,,https://mics-surveys-prod.s3.amazonaws.com/MICS3/Eastern%20and%20Southern%20Africa/Mozambique/2008/Final/Mozambique%202008%20MICS_English.pdf
MICS3,Eastern and Southern Africa,Somalia,Somalia,2006,Completed,Available,https://mics-surveys-prod.s3.amazonaws.com/MICS3/Eastern%20and%20Southern%20Africa/Somalia/2006/Datasets/Somalia%202006%20MICS_Datasets.zip,https://mics-surveys-prod.s3.amazonaws.com/MICS3/Eastern%20and%20Southern%20Africa/Somalia/2006/Archive/somalia-archive.zip,,https://mics-surveys-prod.s3.amazonaws.com/MICS3/Eastern%20and%20Southern%20Africa/Somalia/2006/Final/Somalia%202006%20MICS_English.pdf
MICS3,Eastern and Southern Africa,Zimbabwe,Zimbabwe,2009,Completed,Available,https://mics-surveys-prod.s3.amazonaws.com/MICS3/Eastern%20and%20Southern%20Africa/Zimbabwe/2009/Datasets/Zimbabwe%202009%20MICS_Datasets.zip,,,https://mics-surveys-prod.s3.amazonaws.com/MICS3/Eastern%20and%20Southern%20Africa/Zimbabwe/2009/Final/Zimbabwe%202009%20MICS_English.pdf
MICS3,Europe and Central Asia,Albania,Albania,2005,Completed,Available,https://mics-surveys-prod.s3.amazonaws.com/MICS3/Europe%20and%20Central%20Asia/Albania/2005/Datasets/Albania%202005%20MICS_Datasets.zip,,,https://mics-surveys-prod.s3.amazonaws.com/MICS3/Europe%20and%20Central%20Asia/Albania/2005/Final/Albania%202005%20MICS_English.zip
MICS3,Europe and Central Asia,Belarus,Belarus,2005,Completed,Available,https://mics-surveys-prod.s3.amazonaws.com/MICS3/Europe%20and%20Central%20Asia/Belarus/2005/Datasets/Belarus%202005%20MICS_Datasets.zip,https://mics-surveys-prod.s3.amazonaws.com/MICS3/Europe%20and%20Central%20Asia/Belarus/2005/Archive/belarus-archive.zip,,https://mics-surveys-prod.s3.amazonaws.com/MICS3/Europe%20and%20Central%20Asia/Belarus/2005/Final/Belarus%202005%20MICS_English.pdf
MICS3,Europe and Central Asia,Bosnia and Herzegovina,Bosnia and Herzegovina,2006,Completed,Available,https://mics-surveys-prod.s3.amazonaws.com/MICS3/Europe%20and%20Central%20Asia/Bosnia%20and%20Herzegovina/2006/Datasets/Bosnia%20and%20Herzegovina%202006%20MICS_Datasets.zip,https://mics-surveys-prod.s3.amazonaws.com/MICS3/Europe%20and%20Central%20Asia/Bosnia%20and%20Herzegovina/2006/Archive/bosniaherzegovina-archive.zip,,https://mics-surveys-prod.s3.amazonaws.com/MICS3/Europe%20and%20Central%20Asia/Bosnia%20and%20Herzegovina/2006/Final/Bosnia%20and%20Herzegovina%202006%20MICS_Bosnian.pdf
MICS3,Europe and Central Asia,Georgia,Georgia,2005,Completed,Available,https://mics-surveys-prod.s3.amazonaws.com/MICS3/Europe%20and%20Central%20Asia/Georgia/2005/Datasets/Georgia%202005%20MICS_Datasets.zip,https://mics-surveys-prod.s3.amazonaws.com/MICS3/Europe%20and%20Central%20Asia/Georgia/2005/Archive/georgia-archive.zip,,https://mics-surveys-prod.s3.amazonaws.com/MICS3/Europe%20and%20Central%20Asia/Georgia/2005/Final/Georgia%202005%20MICS_English.pdf
MICS3,Europe and Central Asia,Kazakhstan,Kazakhstan,2006,Completed,Available,https://mics-surveys-prod.s3.amazonaws.com/MICS3/Europe%20and%20Central%20Asia/Kazakhstan/2006/Datasets/Kazakhstan%202006%20MICS_Datasets.zip,https://mics-surveys-prod.s3.amazonaws.com/MICS3/Europe%20and%20Central%20Asia/Kazakhstan/2006/Archive/kazakhstan-archive.zip,,https://mics-surveys-prod.s3.amazonaws.com/MICS3/Europe%20and%20Central%20Asia/Kazakhstan/2006/Final/Kazakhstan%202006%20MICS_English.pdf
MICS3,Europe and Central Asia,Kyrgyzstan,Kyrgyzstan,2005-2006,Completed,Available,https://mics-surveys-prod.s3.amazonaws.com/MICS3/Europe%20and%20Central%20Asia/Kyrgyzstan/2005-2006/Datasets/Kyrgyzstan%202005-06%20MICS_Datasets.zip,https://mics-surveys-prod.s3.amazonaws.com/MICS3/Europe%20and%20Central%20Asia/Kyrgyzstan/2005-2006/Archive/kyrgyzstan-archive.zip,,https://mics-surveys-prod.s3.amazonaws.com/MICS3/Europe%20and%20Central%20Asia/Kyrgyzstan/2005-2006/Final/Kyrgyzstan%202005-06%20MICS_English.pdf
MICS3,Europe and Central Asia,Montenegro,Montenegro,2005-2006,Completed,Available,https://mics-surveys-prod.s3.amazonaws.com/MICS3/Europe%20and%20Central%20Asia/Montenegro/2005-2006/Datasets/Montenegro%202005-06%20MICS_Datasets.zip,https://mics-surveys-prod.s3.amazonaws.com/MICS3/Europe%20and%20Central%20Asia/Montenegro/2005-2006/Archive/montenegro-archive.zip,,https://mics-surveys-prod.s3.amazonaws.com/MICS3/Europe%20and%20Central%20Asia/Montenegro/2005-2006/Final/Montenegro%202005-06%20MICS_English.pdf
MICS3,Europe and Central Asia,"North Macedonia, Republic of","North Macedonia, Republic of",2005-2006,Completed,Available,https://mics-surveys-prod.s3.amazonaws.com/MICS3/Europe%20and%20Central%20Asia/North%20Macedonia%2C%20Republic%20of/2005-2006/Datasets/Macedonia%202005-06%20MICS_Datasets.zip,https://mics-surveys-prod.s3.amazonaws.com/MICS3/Europe%20and%20Central%20Asia/North%20Macedonia%2C%20Republic%20of/2005-2006/Archive/macedonia-archive.zip,,https://mics-surveys-prod.s3.amazonaws.com/MICS3/Europe%20and%20Central%20Asia/North%20Macedonia%2C%20Republic%20of/2005-2006/Final/Macedonia%202005%20MICS_English.pdf
MICS3,Europe and Central Asia,Serbia,Serbia,2005-2006,Completed,Available,https://mics-surveys-prod.s3.amazonaws.com/MICS3/Europe%20and%20Central%20Asia/Serbia/2005-2006/Datasets/Serbia%202005-06%20MICS_Datasets.zip,https://mics-surveys-prod.s3.amazonaws.com/MICS3/Europe%20and%20Central%20Asia/Serbia/2005-2006/Archive/serbia-archive.zip,,https://mics-surveys-prod.s3.amazonaws.com/MICS3/Europe%20and%20Central%20Asia/Serbia/2005-2006/Final/Serbia%202005-06%20MICS_English.pdf
MICS3,Europe and Central Asia,Tajikistan,Tajikistan,2005,Completed,Available,https://mics-surveys-prod.s3.amazonaws.com/MICS3/Europe%20and%20Central%20Asia/Tajikistan/2005/Datasets/Tajikistan%202005%20MICS_Datasets.zip,https://mics-surveys-prod.s3.amazonaws.com/MICS3/Europe%20and%20Central%20Asia/Tajikistan/2005/Archive/tajikistan-archive.zip,,https://mics-surveys-prod.s3.amazonaws.com/MICS3/Europe%20and%20Central%20Asia/Tajikistan/2005/Final/Tajikistan%202005%20MICS_English.pdf
MICS3,Europe and Central Asia,Turkmenistan,Turkmenistan,2006,Completed,Available,https://mics-surveys-prod.s3.amazonaws.com/MICS3/Europe%20and%20Central%20Asia/Turkmenistan/2006/Datasets/Turkmenistan%202006%20MICS_Datasets.zip,,,https://mics-surveys-prod.s3.amazonaws.com/MICS3/Europe%20and%20Central%20Asia/Turkmenistan/2006/Final/Turkmenistan%202006%20MICS_English.pdf
MICS3,Europe and Central Asia,Ukraine,Ukraine,2005,Completed,Available,https://mics-surveys-prod.s3.amazonaws.com/MICS3/Europe%20and%20Central%20Asia/Ukraine/2005/Datasets/Ukraine%202005%20MICS_Datasets.zip,https://mics-surveys-prod.s3.amazonaws.com/MICS3/Europe%20and%20Central%20Asia/Ukraine/2005/Archive/ukraine-archive.zip,,https://mics-surveys-prod.s3.amazonaws.com/MICS3/Europe%20and%20Central%20Asia/Ukraine/2005/Final/Ukraine%202005%20MICS_English.zip
MICS3,Europe and Central Asia,Uzbekistan,Uzbekistan,2006,Completed,Available,https://mics-surveys-prod.s3.amazonaws.com/MICS3/Europe%20and%20Central%20Asia/Uzbekistan/2006/Datasets/Uzbekistan%202006%20MICS_Datasets.zip,https://mics-surveys-prod.s3.amazonaws.com/MICS3/Europe%20and%20Central%20Asia/Uzbekistan/2006/Archive/uzbekistan-archive.zip,,https://mics-surveys-prod.s3.amazonaws.com/MICS3/Europe%20and%20Central%20Asia/Uzbekistan/2006/Final/Uzbekistan%202006%20MICS_English.pdf
MICS3,Latin America and Caribbean,Belize,Belize,2006,Completed,Available,https://mics-surveys-prod.s3.amazonaws.com/MICS3/Latin%20America%20and%20Caribbean/Belize/2006/Datasets/Belize%202006%20MICS_Datasets.zip,,,https://mics-surveys-prod.s3.amazonaws.com/MICS3/Latin%20America%20and%20Caribbean/Belize/2006/Final/Belize%202006%20MICS_English.zip
MICS3,Latin America and Caribbean,Cuba,Cuba,2006,Completed,Available,https://mics-surveys-prod.s3.amazonaws.com/MICS3/Latin%20America%20and%20Caribbean/Cuba/2006/Datasets/Cuba%202006%20MICS_Datasets.zip,https://mics-surveys-prod.s3.amazonaws.com/MICS3/Latin%20America%20and%20Caribbean/Cuba/2006/Archive/cuba-archive.zip,,https://mics-surveys-prod.s3.amazonaws.com/MICS3/Latin%20America%20and%20Caribbean/Cuba/2006/Final/Cuba%202006%20MICS_Spanish.pdf
MICS3,Latin America and Caribbean,Guyana,Guyana,2006-2007,Completed,Available,https://mics-surveys-prod.s3.amazonaws.com/MICS3/Latin%20America%20and%20Caribbean/Guyana/2006-2007/Datasets/Guyana%202006-07%20MICS_Datasets.zip,,,https://mics-surveys-prod.s3.amazonaws.com/MICS3/Latin%20America%20and%20Caribbean/Guyana/2006-2007/Final/Guyana%202006-07%20MICS_English.pdf
MICS3,Latin America and Caribbean,Jamaica,Jamaica,2005,Completed,Available,https://mics-surveys-prod.s3.amazonaws.com/MICS3/Latin%20America%20and%20Caribbean/Jamaica/2005/Datasets/Jamaica%202005%20MICS_Datasets.zip,https://mics-surveys-prod.s3.amazonaws.com/MICS3/Latin%20America%20and%20Caribbean/Jamaica/2005/Archive/jamaica-archive.zip,,https://mics-surveys-prod.s3.amazonaws.com/MICS3/Latin%20America%20and%20Caribbean/Jamaica/2005/Final/Jamaica%202005%20MICS_English.pdf
MICS3,Latin America and Caribbean,Suriname,Suriname,2006,Completed,Available,https://mics-surveys-prod.s3.amazonaws.com/MICS3/Latin%20America%20and%20Caribbean/Suriname/2006/Datasets/Suriname%202006%20MICS_Datasets.zip,,,https://mics-surveys-prod.s3.amazonaws.com/MICS3/Latin%20America%20and%20Caribbean/Suriname/2006/Final/Suriname%202006%20MICS_English.pdf
MICS3,Latin America and Caribbean,Trinidad and Tobago,Trinidad and Tobago,2006,Completed,Available,https://mics-surveys-prod.s3.amazonaws.com/MICS3/Latin%20America%20and%20Caribbean/Trinidad%20and%20Tobago/2006/Datasets/Trinidad%20and%20Tobago%202006%20MICS_Datasets.zip,,,https://mics-surveys-prod.s3.amazonaws.com/MICS3/Latin%20America%20and%20Caribbean/Trinidad%20and%20Tobago/2006/Final/Trinidad%20and%20Tobago%202006%20MICS_English.pdf
MICS3,Middle East and North Africa,Djibouti,Djibouti,2006,Completed,Available,https://mics-surveys-prod.s3.amazonaws.com/MICS3/Middle%20East%20and%20North%20Africa/Djibouti/2006/Datasets/Djibouti%202006%20MICS_Datasets.zip,https://mics-surveys-prod.s3.amazonaws.com/MICS3/Middle%20East%20and%20North%20Africa/Djibouti/2006/Archive/djibouti-archive.zip,,https://mics-surveys-prod.s3.amazonaws.com/MICS3/Middle%20East%20and%20North%20Africa/Djibouti/2006/Final/Djibouti%202006%20MICS_French.pdf
MICS3,Middle East and North Africa,Iraq,Iraq,2006,Completed,Available,https://mics-surveys-prod.s3.amazonaws.com/MICS3/Middle%20East%20and%20North%20Africa/Iraq/2006/Datasets/Iraq%202006%20MICS_Datasets.zip,https://mics-surveys-prod.s3.amazonaws.com/MICS3/Middle%20East%20and%20North%20Africa/Iraq/2006/Archive/iraq-archive.zip,,https://mics-surveys-prod.s3.amazonaws.com/MICS3/Middle%20East%20and%20North%20Africa/Iraq/2006/Final/Iraq%202006%20MICS_English.pdf
MICS3,Middle East and North Africa,Lebanon (Palestinians),Lebanon,2005-2006,Completed,Available,https://mics-surveys-prod.s3.amazonaws.com/MICS3/Middle%20East%20and%20North%20Africa/Lebanon%20%28Palestinians%29/2005-2006/Datasets/Lebanon%20%28Palestinians%29%202006%20MICS_Datasets.zip,https://mics-surveys-prod.s3.amazonaws.com/MICS3/Middle%20East%20and%20North%20Africa/Lebanon%20%28Palestinians%29/2005-2006/Archive/palestiniansinlebanon-archive.zip,,https://mics-surveys-prod.s3.amazonaws.com/MICS3/Middle%20East%20and%20North%20Africa/Lebanon%20%28Palestinians%29/2005-2006/Final/Lebanon%20%28Palestinians%29%202006%20MICS_Arabic.pdf
MICS3,Middle East and North Africa,Syrian Arab Republic,Syrian Arab Republic,2006,Completed,Available,https://mics-surveys-prod.s3.amazonaws.com/MICS3/Middle%20East%20and%20North%20Africa/Syrian%20Arab%20Republic/2006/Datasets/Syrian%20Arab%20Republic%202006%20MICS_Datasets.zip,,,https://mics-surveys-prod.s3.amazonaws.com/MICS3/Middle%20East%20and%20North%20Africa/Syrian%20Arab%20Republic/2006/Final/Syrian%20Arab%20Republic%202006%20MICS_Arabic.pdf
MICS3,Middle East and North Africa,Yemen,Yemen,2006,Completed,Available,https://mics-surveys-prod.s3.amazonaws.com/MICS3/Middle%20East%20and%20North%20Africa/Yemen/2006/Datasets/Yemen%202006%20MICS_Datasets.zip,https://mics-surveys-prod.s3.amazonaws.com/MICS3/Middle%20East%20and%20North%20Africa/Yemen/2006/Archive/yemen-archive.zip,,https://mics-surveys-prod.s3.amazonaws.com/MICS3/Middle%20East%20and%20North%20Africa/Yemen/2006/Final/Yemen%202006%20MICS_English.pdf
MICS3,South Asia,Bangladesh,Bangladesh,2006,Completed,Available,https://mics-surveys-prod.s3.amazonaws.com/MICS3/South%20Asia/Bangladesh/2006/Datasets/Bangladesh%202006%20MICS_Datasets.zip,https://mics-surveys-prod.s3.amazonaws.com/MICS3/South%20Asia/Bangladesh/2006/Archive/bangladesh-archive.zip,,https://mics-surveys-prod.s3.amazonaws.com/MICS3/South%20Asia/Bangladesh/2006/Final/Bangladesh%202006%20MICS_English.zip
MICS3,West and Central Africa,Burkina Faso,Burkina Faso,2006,Completed,Available,https://mics-surveys-prod.s3.amazonaws.com/MICS3/West%20and%20Central%20Africa/Burkina%20Faso/2006/Datasets/Burkina%20Faso%202006%20MICS_Datasets.zip,,,https://mics-surveys-prod.s3.amazonaws.com/MICS3/West%20and%20Central%20Africa/Burkina%20Faso/2006/Final/Burkina%20Faso%202006%20MICS_French.pdf
MICS3,West and Central Africa,Cameroon,Cameroon,2006,Completed,Available,https://mics-surveys-prod.s3.amazonaws.com/MICS3/West%20and%20Central%20Africa/Cameroon/2006/Datasets/Cameroon%202006%20MICS_Datasets.zip,,,https://mics-surveys-prod.s3.amazonaws.com/MICS3/West%20and%20Central%20Africa/Cameroon/2006/Final/Cameroon%202006%20MICS_French.pdf
MICS3,West and Central Africa,Central African Republic,Central African Republic,2006,Completed,Available,https://mics-surveys-prod.s3.amazonaws.com/MICS3/West%20and%20Central%20Africa/Central%20African%20Republic/2006/Datasets/Central%20African%20Republic%202006%20MICS_Datasets.zip,,,https://mics-surveys-prod.s3.amazonaws.com/MICS3/West%20and%20Central%20Africa/Central%20African%20Republic/2006/Final/Central%20African%20Republic%202006%20MICS_French.pdf
MICS3,West and Central Africa,C么te d'Ivoire,C么te d'Ivoire,2006,Completed,Available,https://mics-surveys-prod.s3.amazonaws.com/MICS3/West%20and%20Central%20Africa/C%C3%B4te%20d%27Ivoire/2006/Datasets/Cote%20d%27Ivoire%202006%20MICS_Datasets.zip,https://mics-surveys-prod.s3.amazonaws.com/MICS3/West%20and%20Central%20Africa/C%C3%B4te%20d%27Ivoire/2006/Archive/cotedivoire-archive.zip,,https://mics-surveys-prod.s3.amazonaws.com/MICS3/West%20and%20Central%20Africa/C%C3%B4te%20d%27Ivoire/2006/Final/Cote%20d%27Ivoire%202006%20MICS_French.pdf
MICS3,West and Central Africa,Gambia,Gambia,2005-2006,Completed,Available,https://mics-surveys-prod.s3.amazonaws.com/MICS3/West%20and%20Central%20Africa/Gambia/2005-2006/Datasets/Gambia%202005-06%20MICS_Datasets.zip,https://mics-surveys-prod.s3.amazonaws.com/MICS3/West%20and%20Central%20Africa/Gambia/2005-2006/Archive/gambia-archive.zip,,https://mics-surveys-prod.s3.amazonaws.com/MICS3/West%20and%20Central%20Africa/Gambia/2005-2006/Final/Gambia%202005-06%20MICS_English.pdf
MICS3,West and Central Africa,Ghana,Ghana,2006,Completed,Available,https://mics-surveys-prod.s3.amazonaws.com/MICS3/West%20and%20Central%20Africa/Ghana/2006/Datasets/Ghana%202006%20MICS_Datasets.zip,,,https://mics-surveys-prod.s3.amazonaws.com/MICS3/West%20and%20Central%20Africa/Ghana/2006/Final/Ghana%202006%20MICS_English.pdf
MICS3,West and Central Africa,Guinea-Bissau,Guinea-Bissau,2006,Completed,Available,https://mics-surveys-prod.s3.amazonaws.com/MICS3/West%20and%20Central%20Africa/Guinea-Bissau/2006/Datasets/Guinea-Bissau%202006%20MICS_Datasets.zip,,,https://mics-surveys-prod.s3.amazonaws.com/MICS3/West%20and%20Central%20Africa/Guinea-Bissau/2006/Final/Guinea-Bissau%202006%20MICS_French.pdf
MICS3,West and Central Africa,Mauritania,Mauritania,2007,Completed,Available,https://mics-surveys-prod.s3.amazonaws.com/MICS3/West%20and%20Central%20Africa/Mauritania/2007/Datasets/Mauritania%202007%20MICS_Datasets.zip,,,https://mics-surveys-prod.s3.amazonaws.com/MICS3/West%20and%20Central%20Africa/Mauritania/2007/Final/Mauritania%202007%20MICS_French.zip
MICS3,West and Central Africa,Nigeria,Nigeria,2007,Completed,Available,https://mics-surveys-prod.s3.amazonaws.com/MICS3/West%20and%20Central%20Africa/Nigeria/2007/Datasets/Nigeria%202007%20MICS_Datasets.zip,,,https://mics-surveys-prod.s3.amazonaws.com/MICS3/West%20and%20Central%20Africa/Nigeria/2007/Final/Nigeria%202007%20MICS_English.pdf
MICS3,West and Central Africa,Sierra Leone,Sierra Leone,2005-2006,Completed,Available,https://mics-surveys-prod.s3.amazonaws.com/MICS3/West%20and%20Central%20Africa/Sierra%20Leone/2005-2006/Datasets/Sierra%20Leone%202005%20MICS_Datasets.zip,https://mics-surveys-prod.s3.amazonaws.com/MICS3/West%20and%20Central%20Africa/Sierra%20Leone/2005-2006/Archive/sierraleone-archive.zip,,https://mics-surveys-prod.s3.amazonaws.com/MICS3/West%20and%20Central%20Africa/Sierra%20Leone/2005-2006/Final/Sierra%20Leone%202005%20MICS_English.zip
MICS3,West and Central Africa,Togo,Togo,2006,Completed,Available,https://mics-surveys-prod.s3.amazonaws.com/MICS3/West%20and%20Central%20Africa/Togo/2006/Datasets/Togo%202006%20MICS_Datasets.zip,,,https://mics-surveys-prod.s3.amazonaws.com/MICS3/West%20and%20Central%20Africa/Togo/2006/Final/Togo%202006%20MICS_French.pdf
MICS4,East Asia and the Pacific,Indonesia (Papua Selected Districts),Indonesia,2011,Completed,Available,https://mics-surveys-prod.s3.amazonaws.com/MICS4/East%20Asia%20and%20the%20Pacific/Indonesia%20%28Papua%20Selected%20Districts%29/2011/Datasets/Indonesia%20%28Selected%20Districts%20of%20Papua%29%202011%20MICS_Datasets.zip,,,https://mics-surveys-prod.s3.amazonaws.com/MICS4/East%20Asia%20and%20the%20Pacific/Indonesia%20%28Papua%20Selected%20Districts%29/2011/Final/Indonesia%20%28Selected%20Districts%20of%20Papua%29%202011%20MICS_English.pdf
MICS4,East Asia and the Pacific,Indonesia (West Papua Selected Districts),Indonesia,2011,Completed,Available,https://mics-surveys-prod.s3.amazonaws.com/MICS4/East%20Asia%20and%20the%20Pacific/Indonesia%20%28West%20Papua%20Selected%20Districts%29/2011/Datasets/Indonesia%20%28Selected%20Districts%20of%20West%20Papua%29%202011%20MICS_Datasets.zip,,,https://mics-surveys-prod.s3.amazonaws.com/MICS4/East%20Asia%20and%20the%20Pacific/Indonesia%20%28West%20Papua%20Selected%20Districts%29/2011/Final/Indonesia%20%28Selected%20Districts%20of%20West%20Papua%29%202011%20MICS_English.pdf
MICS4,East Asia and the Pacific,Lao People's Democratic Republic,Lao People's Democratic Republic,2011-2012,Completed,Available,https://mics-surveys-prod.s3.amazonaws.com/MICS4/East%20Asia%20and%20the%20Pacific/Lao%20People%27s%20Democratic%20Republic/2011-2012/Datasets/Lao%202012%20MICS_Datasets.zip,,,https://mics-surveys-prod.s3.amazonaws.com/MICS4/East%20Asia%20and%20the%20Pacific/Lao%20People%27s%20Democratic%20Republic/2011-2012/Final/Lao%202012%20MICS_English.pdf
MICS4,East Asia and the Pacific,Mongolia (Khuvsgul Aimag),Mongolia,2012,Completed,Available,https://mics-surveys-prod.s3.amazonaws.com/MICS4/East%20Asia%20and%20the%20Pacific/Mongolia%20%28Khuvsgul%20Aimag%29/2012/Datasets/Mongolia%20%28Khuvsgul%20Aimag%29%202012%20MICS_Datasets.zip,,,https://mics-surveys-prod.s3.amazonaws.com/MICS4/East%20Asia%20and%20the%20Pacific/Mongolia%20%28Khuvsgul%20Aimag%29/2012/Final/Mongolia%20%28Khuvsgul%20Aimag%29%202012%20MICS_English.pdf
MICS4,East Asia and the Pacific,Mongolia (Nalaikh District),Mongolia,2012,Completed,Available,https://mics-surveys-prod.s3.amazonaws.com/MICS4/East%20Asia%20and%20the%20Pacific/Mongolia%20%28Nalaikh%20District%29/2012/Datasets/Mongolia%20%28Nalaikh%20District%29_MICS4_Datasets.zip,,,https://mics-surveys-prod.s3.amazonaws.com/MICS4/East%20Asia%20and%20the%20Pacific/Mongolia%20%28Nalaikh%20District%29/2012/Final/Mongolia%20%28Nalaikh%20District%29%202012%20MICS_English.pdf
MICS4,East Asia and the Pacific,Mongolia,Mongolia,2010,Completed,Available,https://mics-surveys-prod.s3.amazonaws.com/MICS4/East%20Asia%20and%20the%20Pacific/Mongolia/2010/Datasets/Mongolia%202010%20MICS_Datasets.zip,,,https://mics-surveys-prod.s3.amazonaws.com/MICS4/East%20Asia%20and%20the%20Pacific/Mongolia/2010/Final/Mongolia%202010%20MICS_English.pdf
MICS4,East Asia and the Pacific,Thailand,Thailand,2012-2013,Completed,Available,https://mics-surveys-prod.s3.amazonaws.com/MICS4/East%20Asia%20and%20the%20Pacific/Thailand/2012-2013/Datasets/Thailand_MICS4_Datasets.zip,,,https://mics-surveys-prod.s3.amazonaws.com/MICS4/East%20Asia%20and%20the%20Pacific/Thailand/2012-2013/Final/Thailand%202012%20MICS_English.pdf
MICS4,East Asia and the Pacific,Viet Nam,Viet Nam,2010-2011,Completed,Available,https://mics-surveys-prod.s3.amazonaws.com/MICS4/East%20Asia%20and%20the%20Pacific/Viet%20Nam/2010-2011/Datasets/Viet%20Nam%202011%20MICS_Datasets.zip,,,https://mics-surveys-prod.s3.amazonaws.com/MICS4/East%20Asia%20and%20the%20Pacific/Viet%20Nam/2010-2011/Final/Viet%20Nam%202011%20MICS_English.pdf
MICS4,Eastern and Southern Africa,Eswatini,Eswatini,2010,Completed,Available,https://mics-surveys-prod.s3.amazonaws.com/MICS4/Eastern%20and%20Southern%20Africa/Eswatini/2010/Datasets/Swaziland%202010%20MICS_Datasets.zip,,,https://mics-surveys-prod.s3.amazonaws.com/MICS4/Eastern%20and%20Southern%20Africa/Eswatini/2010/Final/Swaziland%202010%20MICS_English.pdf
MICS4,Eastern and Southern Africa,Kenya (Mombasa Informal Settlements),Kenya,2009,Completed,Available,https://mics-surveys-prod.s3.amazonaws.com/MICS4/Eastern%20and%20Southern%20Africa/Kenya%20%28Mombasa%20Informal%20Settlements%29/2009/Datasets/Kenya%20%28Mombasa%20Informal%20Settlements%29%202009%20MICS_Datasets.zip,,,https://mics-surveys-prod.s3.amazonaws.com/MICS4/Eastern%20and%20Southern%20Africa/Kenya%20%28Mombasa%20Informal%20Settlements%29/2009/Final/Kenya%20%28Mombasa%20Informal%20Settlements%29%202009%20MICS_English.pdf
MICS4,Eastern and Southern Africa,Kenya (Nyanza Province),Kenya,2011,Completed,Available,https://mics-surveys-prod.s3.amazonaws.com/MICS4/Eastern%20and%20Southern%20Africa/Kenya%20%28Nyanza%20Province%29/2011/Datasets/Kenya%20%28Nyanza%20Province%29_MICS4_Datasets.zip,,,https://mics-surveys-prod.s3.amazonaws.com/MICS4/Eastern%20and%20Southern%20Africa/Kenya%20%28Nyanza%20Province%29/2011/Final/Kenya%20%28Nyanza%20Province%29%202011%20MICS_English.pdf
MICS4,Eastern and Southern Africa,Madagascar (South),Madagascar,2012,Completed,Available,https://mics-surveys-prod.s3.amazonaws.com/MICS4/Eastern%20and%20Southern%20Africa/Madagascar%20%28South%29/2012/Datasets/Madagascar%20%28South%29%202012%20MICS_Datasets.zip,,,https://mics-surveys-prod.s3.amazonaws.com/MICS4/Eastern%20and%20Southern%20Africa/Madagascar%20%28South%29/2012/Final/Madagascar%20%28South%29%202012%20MICS_French.pdf
MICS4,Eastern and Southern Africa,Somalia (Northeast Zone),Somalia,2011,Completed,Available,https://mics-surveys-prod.s3.amazonaws.com/MICS4/Eastern%20and%20Southern%20Africa/Somalia%20%28Northeast%20Zone%29/2011/Datasets/Somalia%20%28Northeast%20Zone%29%202011%20MICS_Datasets.zip,,,https://mics-surveys-prod.s3.amazonaws.com/MICS4/Eastern%20and%20Southern%20Africa/Somalia%20%28Northeast%20Zone%29/2011/Final/Somalia%20%28Northeast%20Zone%29%202011%20MICS_English.pdf
MICS4,Eastern and Southern Africa,Somalia (Somaliland),Somalia,2011,Completed,Available,https://mics-surveys-prod.s3.amazonaws.com/MICS4/Eastern%20and%20Southern%20Africa/Somalia%20%28Somaliland%29/2011/Datasets/Somalia%20%28Somaliland%29%202011%20MICS_Datasets.zip,,,https://mics-surveys-prod.s3.amazonaws.com/MICS4/Eastern%20and%20Southern%20Africa/Somalia%20%28Somaliland%29/2011/Final/Somalia%20%28Somaliland%29%202011%20MICS_English.pdf
MICS4,Eastern and Southern Africa,"South Sudan, Republic of","South Sudan, Republic of",2010,Completed,Available,https://mics-surveys-prod.s3.amazonaws.com/MICS4/Eastern%20and%20Southern%20Africa/South%20Sudan%2C%20Republic%20of/2010/Datasets/South%20Sudan%202010%20MICS_Datasets.zip,,,https://mics-surveys-prod.s3.amazonaws.com/MICS4/Eastern%20and%20Southern%20Africa/South%20Sudan%2C%20Republic%20of/2010/Final/South%20Sudan%202010%20MICS_English.pdf
MICS4,Europe and Central Asia,Belarus,Belarus,2012,Completed,Available,https://mics-surveys-prod.s3.amazonaws.com/MICS4/Europe%20and%20Central%20Asia/Belarus/2012/Datasets/Belarus%202012%20MICS_Datasets.zip,,,https://mics-surveys-prod.s3.amazonaws.com/MICS4/Europe%20and%20Central%20Asia/Belarus/2012/Final/Belarus%202012%20MICS_English.pdf
MICS4,Europe and Central Asia,Bosnia and Herzegovina (Roma Settlements),Bosnia and Herzegovina,2011-2012,Completed,Available,https://mics-surveys-prod.s3.amazonaws.com/MICS4/Europe%20and%20Central%20Asia/Bosnia%20and%20Herzegovina%20%28Roma%20Settlements%29/2011-2012/Datasets/Bosnia%20and%20Herzegovina%20%28Roma%20Settlements%29%202012%20MICS_Datasets.zip,,,https://mics-surveys-prod.s3.amazonaws.com/MICS4/Europe%20and%20Central%20Asia/Bosnia%20and%20Herzegovina%20%28Roma%20Settlements%29/2011-2012/Final/Bosnia%20and%20Herzegovina%20%28Roma%20Settlements%29%202011-12%20MICS_Bosnian.pdf
MICS4,Europe and Central Asia,Bosnia and Herzegovina,Bosnia and Herzegovina,2011-2012,Completed,Available,https://mics-surveys-prod.s3.amazonaws.com/MICS4/Europe%20and%20Central%20Asia/Bosnia%20and%20Herzegovina/2011-2012/Datasets/Bosnia%20and%20Herzegovina%202012%20MICS%20_Datasets.zip,,,https://mics-surveys-prod.s3.amazonaws.com/MICS4/Europe%20and%20Central%20Asia/Bosnia%20and%20Herzegovina/2011-2012/Final/Bosnia%20and%20Herzegovina%202011-12%20MICS_Bosnian.pdf
MICS4,Europe and Central Asia,Kazakhstan,Kazakhstan,2010-2011,Completed,Available,https://mics-surveys-prod.s3.amazonaws.com/MICS4/Europe%20and%20Central%20Asia/Kazakhstan/2010-2011/Datasets/Kazakhstan%202010-11%20MICS_Datasets.zip,,,https://mics-surveys-prod.s3.amazonaws.com/MICS4/Europe%20and%20Central%20Asia/Kazakhstan/2010-2011/Final/Kazakhstan%202010-11%20MICS_English.pdf
MICS4,Europe and Central Asia,"Moldova, Republic of","Moldova, Republic of",2012,Completed,Available,https://mics-surveys-prod.s3.amazonaws.com/MICS4/Europe%20and%20Central%20Asia/Moldova%2C%20Republic%20of/2012/Datasets/Moldova%202012%20MICS_Datasets.zip,,,https://mics-surveys-prod.s3.amazonaws.com/MICS4/Europe%20and%20Central%20Asia/Moldova%2C%20Republic%20of/2012/Final/Moldova%202012%20MICS_English.pdf
MICS4,Europe and Central Asia,"North Macedonia, Republic of (Roma Settlements)","North Macedonia, Republic of",2011,Completed,Available,https://mics-surveys-prod.s3.amazonaws.com/MICS4/Europe%20and%20Central%20Asia/North%20Macedonia%2C%20Republic%20of%20%28Roma%20Settlements%29/2011/Datasets/Macedonia%20%28Roma%20Settlements%29%202011%20MICS_Datasets.zip,,,https://mics-surveys-prod.s3.amazonaws.com/MICS4/Europe%20and%20Central%20Asia/North%20Macedonia%2C%20Republic%20of%20%28Roma%20Settlements%29/2011/Final/Macedonia%20%28National%20and%20Roma%20Settlements%29%202011%20MICS_English.pdf
MICS4,Europe and Central Asia,"North Macedonia, Republic of","North Macedonia, Republic of",2011,Completed,Available,https://mics-surveys-prod.s3.amazonaws.com/MICS4/Europe%20and%20Central%20Asia/North%20Macedonia%2C%20Republic%20of/2011/Datasets/Macedonia%202011%20MICS_Datasets.zip,,,https://mics-surveys-prod.s3.amazonaws.com/MICS4/Europe%20and%20Central%20Asia/North%20Macedonia%2C%20Republic%20of/2011/Final/Macedonia%20%28National%20and%20Roma%20Settlements%29%202011%20MICS_English.pdf
MICS4,Europe and Central Asia,Serbia (Roma Settlements),Serbia,2010,Completed,Available,https://mics-surveys-prod.s3.amazonaws.com/MICS4/Europe%20and%20Central%20Asia/Serbia%20%28Roma%20Settlements%29/2010/Datasets/Serbia%20%28Roma%20Settlements%29%202010%20MICS_Datasets.zip,,,https://mics-surveys-prod.s3.amazonaws.com/MICS4/Europe%20and%20Central%20Asia/Serbia%20%28Roma%20Settlements%29/2010/Final/Serbia%20%28Roma%20Settlements%29%202010%20MICS_English.pdf
MICS4,Europe and Central Asia,Serbia,Serbia,2010,Completed,Available,https://mics-surveys-prod.s3.amazonaws.com/MICS4/Europe%20and%20Central%20Asia/Serbia/2010/Datasets/Serbia%202010%20MICS_Datasets.zip,,,https://mics-surveys-prod.s3.amazonaws.com/MICS4/Europe%20and%20Central%20Asia/Serbia/2010/Final/Serbia%202010%20MICS_English.pdf
MICS4,Europe and Central Asia,Ukraine,Ukraine,2012,Completed,Available,https://mics-surveys-prod.s3.amazonaws.com/MICS4/Europe%20and%20Central%20Asia/Ukraine/2012/Datasets/Ukraine%202012%20MICS_Datasets.zip,,,https://mics-surveys-prod.s3.amazonaws.com/MICS4/Europe%20and%20Central%20Asia/Ukraine/2012/Final/Ukraine%202012%20MICS_English.pdf
MICS4,Latin America and Caribbean,Argentina,Argentina,2011-2012,Completed,Available,https://mics-surveys-prod.s3.amazonaws.com/MICS4/Latin%20America%20and%20Caribbean/Argentina/2011-2012/Datasets/Argentina%202012%20MICS_Datasets.zip,,,https://mics-surveys-prod.s3.amazonaws.com/MICS4/Latin%20America%20and%20Caribbean/Argentina/2011-2012/Final/Argentina%202011-12%20MICS_Spanish.pdf
MICS4,Latin America and Caribbean,Barbados,Barbados,2012,Completed,Available,https://mics-surveys-prod.s3.amazonaws.com/MICS4/Latin%20America%20and%20Caribbean/Barbados/2012/Datasets/Barbados%202012%20MICS_Datasets.zip,,,https://mics-surveys-prod.s3.amazonaws.com/MICS4/Latin%20America%20and%20Caribbean/Barbados/2012/Final/Barbados%202012%20MICS_English.pdf
MICS4,Latin America and Caribbean,Belize,Belize,2011,Completed,Available,https://mics-surveys-prod.s3.amazonaws.com/MICS4/Latin%20America%20and%20Caribbean/Belize/2011/Datasets/Belize%202011%20MICS_Datasets.zip,,,https://mics-surveys-prod.s3.amazonaws.com/MICS4/Latin%20America%20and%20Caribbean/Belize/2011/Final/Belize%202011%20MICS_English.pdf
MICS4,Latin America and Caribbean,Costa Rica,Costa Rica,2011,Completed,Available,https://mics-surveys-prod.s3.amazonaws.com/MICS4/Latin%20America%20and%20Caribbean/Costa%20Rica/2011/Datasets/Costa%20Rica%202011%20MICS_Datasets.zip,,,https://mics-surveys-prod.s3.amazonaws.com/MICS4/Latin%20America%20and%20Caribbean/Costa%20Rica/2011/Final/Costa%20Rica%202011%20MICS_Spanish.pdf
MICS4,Latin America and Caribbean,Cuba,Cuba,2010-2011,Completed,Available,https://mics-surveys-prod.s3.amazonaws.com/MICS4/Latin%20America%20and%20Caribbean/Cuba/2010-2011/Datasets/Cuba%202011%20MICS_Datasets.zip,,,https://mics-surveys-prod.s3.amazonaws.com/MICS4/Latin%20America%20and%20Caribbean/Cuba/2010-2011/Final/Cuba%202011%20MICS_Spanish.pdf
MICS4,Latin America and Caribbean,Jamaica,Jamaica,2011,Completed,Available,https://mics-surveys-prod.s3.amazonaws.com/MICS4/Latin%20America%20and%20Caribbean/Jamaica/2011/Datasets/Jamaica%202011%20MICS_Datasets.zip,,,https://mics-surveys-prod.s3.amazonaws.com/MICS4/Latin%20America%20and%20Caribbean/Jamaica/2011/Final/Jamaica%202011%20MICS_English.pdf
MICS4,Latin America and Caribbean,Saint Lucia,Saint Lucia,2012,Completed,Available,https://mics-surveys-prod.s3.amazonaws.com/MICS4/Latin%20America%20and%20Caribbean/Saint%20Lucia/2012/Datasets/Saint%20Lucia%202012%20MICS_Datasets.zip,,,https://mics-surveys-prod.s3.amazonaws.com/MICS4/Latin%20America%20and%20Caribbean/Saint%20Lucia/2012/Final/Saint%20Lucia%202012%20MICS_English.pdf
MICS4,Latin America and Caribbean,Suriname,Suriname,2010,Completed,Available,https://mics-surveys-prod.s3.amazonaws.com/MICS4/Latin%20America%20and%20Caribbean/Suriname/2010/Datasets/Suriname%202010%20MICS_Datasets.zip,,,https://mics-surveys-prod.s3.amazonaws.com/MICS4/Latin%20America%20and%20Caribbean/Suriname/2010/Final/Suriname%202010%20MICS_English.pdf
MICS4,Latin America and Caribbean,Trinidad and Tobago,Trinidad and Tobago,2011,Completed,Available,https://mics-surveys-prod.s3.amazonaws.com/MICS4/Latin%20America%20and%20Caribbean/Trinidad%20and%20Tobago/2011/Datasets/Trinidad%20and%20Tobago_MICS4_Datasets.zip,,,https://mics-surveys-prod.s3.amazonaws.com/MICS4/Latin%20America%20and%20Caribbean/Trinidad%20and%20Tobago/2011/Final/Trinidad%20and%20Tobago%202011%20MICS_English.pdf
MICS4,Latin America and Caribbean,Uruguay,Uruguay,2012-2013,Completed,Available,https://mics-surveys-prod.s3.amazonaws.com/MICS4/Latin%20America%20and%20Caribbean/Uruguay/2012-2013/Datasets/Uruguay%202012-13_Datasets.zip,,,https://mics-surveys-prod.s3.amazonaws.com/MICS4/Latin%20America%20and%20Caribbean/Uruguay/2012-2013/Final/Uruguay%202012-13%20MICS_Spanish.pdf
MICS4,Middle East and North Africa,Algeria,Algeria,2012-2013,Completed,Available,https://mics-surveys-prod.s3.amazonaws.com/MICS4/Middle%20East%20and%20North%20Africa/Algeria/2012-2013/Datasets/Algeria_MICS4_Datasets.zip,,,https://mics-surveys-prod.s3.amazonaws.com/MICS4/Middle%20East%20and%20North%20Africa/Algeria/2012-2013/Final/Algeria%202012-13%20MICS_French.pdf
MICS4,Middle East and North Africa,Iraq,Iraq,2011,Completed,Available,https://mics-surveys-prod.s3.amazonaws.com/MICS4/Middle%20East%20and%20North%20Africa/Iraq/2011/Datasets/Iraq%202011%20MICS_Datasets.zip,,,https://mics-surveys-prod.s3.amazonaws.com/MICS4/Middle%20East%20and%20North%20Africa/Iraq/2011/Final/Iraq%202011%20MICS_Arabic.pdf
MICS4,Middle East and North Africa,Lebanon (Palestinians),Lebanon,2011,Completed,Available,https://mics-surveys-prod.s3.amazonaws.com/MICS4/Middle%20East%20and%20North%20Africa/Lebanon%20%28Palestinians%29/2011/Datasets/Lebanon%20%28Palestinians%29%202011%20MICS_Datasets.zip,,,https://mics-surveys-prod.s3.amazonaws.com/MICS4/Middle%20East%20and%20North%20Africa/Lebanon%20%28Palestinians%29/2011/Final/Lebanon%20%28Palestinians%29%202011%20MICS_Arabic.pdf
MICS4,Middle East and North Africa,Qatar,Qatar,2012,Completed,Available,https://mics-surveys-prod.s3.amazonaws.com/MICS4/Middle%20East%20and%20North%20Africa/Qatar/2012/Datasets/Qatar_MICS4_Datasets.zip,,,https://mics-surveys-prod.s3.amazonaws.com/MICS4/Middle%20East%20and%20North%20Africa/Qatar/2012/Final/Qatar%202012%20MICS_English.pdf
MICS4,Middle East and North Africa,State of Palestine,State of Palestine,2010,Completed,Available,https://mics-surveys-prod.s3.amazonaws.com/MICS4/Middle%20East%20and%20North%20Africa/State%20of%20Palestine/2010/Datasets/State%20of%20Palestine%202010%20MICS_Datasets.zip,,,https://mics-surveys-prod.s3.amazonaws.com/MICS4/Middle%20East%20and%20North%20Africa/State%20of%20Palestine/2010/Final/State%20of%20Palestine%202010%20MICS_English.pdf
MICS4,Middle East and North Africa,Sudan,Sudan,2010,Completed,Available,https://mics-surveys-prod.s3.amazonaws.com/MICS4/Middle%20East%20and%20North%20Africa/Sudan/2010/Datasets/Sudan_2010_MICS4_Datasets.zip,,,https://mics-surveys-prod.s3.amazonaws.com/MICS4/Middle%20East%20and%20North%20Africa/Sudan/2010/Final/Sudan%202010%20MICS_English.pdf
MICS4,Middle East and North Africa,Tunisia,Tunisia,2011-2012,Completed,Available,https://mics-surveys-prod.s3.amazonaws.com/MICS4/Middle%20East%20and%20North%20Africa/Tunisia/2011-2012/Datasets/Tunisia%202012%20MICS_Datasets.zip,,,https://mics-surveys-prod.s3.amazonaws.com/MICS4/Middle%20East%20and%20North%20Africa/Tunisia/2011-2012/Final/Tunisia%202011-12%20MICS_French.pdf
MICS4,South Asia,Afghanistan,Afghanistan,2010-2011,Completed,Available,https://mics-surveys-prod.s3.amazonaws.com/MICS4/South%20Asia/Afghanistan/2010-2011/Datasets/Afghanistan%202011%20MICS_Datasets.zip,,,https://mics-surveys-prod.s3.amazonaws.com/MICS4/South%20Asia/Afghanistan/2010-2011/Final/Afghanistan%202010-11%20MICS_English.pdf
MICS4,South Asia,Bhutan,Bhutan,2010,Completed,Available,https://mics-surveys-prod.s3.amazonaws.com/MICS4/South%20Asia/Bhutan/2010/Datasets/Bhutan%202010%20MICS_Datasets.zip,,,https://mics-surveys-prod.s3.amazonaws.com/MICS4/South%20Asia/Bhutan/2010/Final/Bhutan%202010%20MICS_English.pdf
MICS4,South Asia,Nepal (Mid- and Far-Western Regions),Nepal,2010,Completed,Available,https://mics-surveys-prod.s3.amazonaws.com/MICS4/South%20Asia/Nepal%20%28Mid-%20and%20Far-Western%20Regions%29/2010/Datasets/Nepal%20%28Mid%20and%20Far%20Western%20Regions%29%202010%20MICS_Datasets.zip,,,https://mics-surveys-prod.s3.amazonaws.com/MICS4/South%20Asia/Nepal%20%28Mid-%20and%20Far-Western%20Regions%29/2010/Final/Nepal%20%28Mid%20and%20Far%20Western%20Regions%29%202010%20MICS_English.pdf
MICS4,South Asia,Pakistan (Balochistan),Pakistan,2010,Completed,Available,https://mics-surveys-prod.s3.amazonaws.com/MICS4/South%20Asia/Pakistan%20%28Balochistan%29/2010/Datasets/Pakistan%20%28Balochistan%29%202010%20MICS_Datasets.zip,,,https://mics-surveys-prod.s3.amazonaws.com/MICS4/South%20Asia/Pakistan%20%28Balochistan%29/2010/Final/Pakistan%20%28Balochistan%29%202010%20MICS_English.pdf
MICS4,South Asia,Pakistan (Punjab),Pakistan,2011,Completed,Available,https://mics-surveys-prod.s3.amazonaws.com/MICS4/South%20Asia/Pakistan%20%28Punjab%29/2011/Datasets/Pakistan%20%28Punjab%29%202011%20MICS_Datasets.zip,,,https://mics-surveys-prod.s3.amazonaws.com/MICS4/South%20Asia/Pakistan%20%28Punjab%29/2011/Final/Pakistan%20%28Punjab%29%202011%20MICS_English.zip
MICS4,West and Central Africa,Central African Republic,Central African Republic,2010,Completed,Available,https://mics-surveys-prod.s3.amazonaws.com/MICS4/West%20and%20Central%20Africa/Central%20African%20Republic/2010/Datasets/Central%20African%20Republic%202010%20MICS_Datasets.zip,,,https://mics-surveys-prod.s3.amazonaws.com/MICS4/West%20and%20Central%20Africa/Central%20African%20Republic/2010/Biomarker/Central%20African%20Republic%202010%20MICS%20Biomarker%20Report_French.pdf
MICS4,West and Central Africa,Chad,Chad,2010,Completed,Available,https://mics-surveys-prod.s3.amazonaws.com/MICS4/West%20and%20Central%20Africa/Chad/2010/Datasets/Chad%202010%20MICS_Datasets.zip,,,https://mics-surveys-prod.s3.amazonaws.com/MICS4/West%20and%20Central%20Africa/Chad/2010/Final/Chad%202010%20MICS_French.pdf
MICS4,West and Central Africa,"Congo, Democratic Republic of the","Congo, Democratic Republic of the",2010,Completed,Available,https://mics-surveys-prod.s3.amazonaws.com/MICS4/West%20and%20Central%20Africa/Congo%2C%20Democratic%20Republic%20of%20the/2010/Datasets/Congo%20DR%202010%20MICS_Datasets.zip,,,https://mics-surveys-prod.s3.amazonaws.com/MICS4/West%20and%20Central%20Africa/Congo%2C%20Democratic%20Republic%20of%20the/2010/Final/Congo%20DR%202010%20MICS_French.pdf
MICS4,West and Central Africa,Gambia,Gambia,2010,Completed,Available,https://mics-surveys-prod.s3.amazonaws.com/MICS4/West%20and%20Central%20Africa/Gambia/2010/Datasets/The%20Gambia_MICS4_Datasets.zip,,,https://mics-surveys-prod.s3.amazonaws.com/MICS4/West%20and%20Central%20Africa/Gambia/2010/Final/Gambia%202010%20MICS_English.pdf
MICS4,West and Central Africa,Ghana (Accra),Ghana,2010-2011,Completed,Available,https://mics-surveys-prod.s3.amazonaws.com/MICS4/West%20and%20Central%20Africa/Ghana%20%28Accra%29/2010-2011/Datasets/Ghana%20%28Accra%29%202010-11%20MICS_Datasets.zip,,,https://mics-surveys-prod.s3.amazonaws.com/MICS4/West%20and%20Central%20Africa/Ghana%20%28Accra%29/2010-2011/Final/Ghana%20%28Accra%29%202010-11%20MICS_English.pdf
MICS4,West and Central Africa,Ghana,Ghana,2011,Completed,Available,https://mics-surveys-prod.s3.amazonaws.com/MICS4/West%20and%20Central%20Africa/Ghana/2011/Datasets/Ghana%202011%20MICS_Datasets.zip,,,https://mics-surveys-prod.s3.amazonaws.com/MICS4/West%20and%20Central%20Africa/Ghana/2011/Final/Ghana%202011%20MICS_English.pdf
MICS4,West and Central Africa,Guinea-Bissau,Guinea-Bissau,2010,Completed,Available,https://mics-surveys-prod.s3.amazonaws.com/MICS4/West%20and%20Central%20Africa/Guinea-Bissau/2010/Datasets/Guinea%20Bissau_MICS4_Datasets.zip,,,https://mics-surveys-prod.s3.amazonaws.com/MICS4/West%20and%20Central%20Africa/Guinea-Bissau/2010/Final/Guinea-Bissau%202010%20MICS_Portuguese.pdf
MICS4,West and Central Africa,Mali,Mali,2009-2010,Completed,Available,https://mics-surveys-prod.s3.amazonaws.com/MICS4/West%20and%20Central%20Africa/Mali/2009-2010/Datasets/Mali%202009-10%20MICS4%20Datasets.zip,,,https://mics-surveys-prod.s3.amazonaws.com/MICS4/West%20and%20Central%20Africa/Mali/2009-2010/Final/Mali%202009-10%20MICS%20Final%20Report_English.zip
MICS4,West and Central Africa,Mauritania,Mauritania,2011,Completed,Available,https://mics-surveys-prod.s3.amazonaws.com/MICS4/West%20and%20Central%20Africa/Mauritania/2011/Datasets/Mauritania_MICS4_Datasets.zip,,,https://mics-surveys-prod.s3.amazonaws.com/MICS4/West%20and%20Central%20Africa/Mauritania/2011/Final/Mauritania%202011%20MICS_French.pdf
MICS4,West and Central Africa,Nigeria,Nigeria,2011,Completed,Available,https://mics-surveys-prod.s3.amazonaws.com/MICS4/West%20and%20Central%20Africa/Nigeria/2011/Datasets/Nigeria%202011%20MICS_Datasets.zip,,,https://mics-surveys-prod.s3.amazonaws.com/MICS4/West%20and%20Central%20Africa/Nigeria/2011/Final/Nigeria%202011%20MICS_English.pdf
MICS4,West and Central Africa,Sierra Leone,Sierra Leone,2010,Completed,Available,https://mics-surveys-prod.s3.amazonaws.com/MICS4/West%20and%20Central%20Africa/Sierra%20Leone/2010/Datasets/Sierra%20Leone%202010%20MICS_Datasets.zip,,,https://mics-surveys-prod.s3.amazonaws.com/MICS4/West%20and%20Central%20Africa/Sierra%20Leone/2010/Final/Sierra%20Leone%202010%20MICS_English.pdf
MICS4,West and Central Africa,Togo,Togo,2010,Completed,Available,https://mics-surveys-prod.s3.amazonaws.com/MICS4/West%20and%20Central%20Africa/Togo/2010/Datasets/Togo%202010%20MICS_Datasets.zip,,,https://mics-surveys-prod.s3.amazonaws.com/MICS4/West%20and%20Central%20Africa/Togo/2010/Final/Togo%202010%20MICS_French.zip
MICS5,East Asia and the Pacific,Mongolia (Khuvsgul Aimag),Mongolia,2016,Completed,Available,https://mics-surveys-prod.s3.amazonaws.com/MICS5/East%20Asia%20and%20the%20Pacific/Mongolia%20%28Khuvsgul%20Aimag%29/2016/Datasets/Mongolia%20%28Khuvsgul%20Aimag%29_MICS5_Datasets.zip,,,https://mics-surveys-prod.s3.amazonaws.com/MICS5/East%20Asia%20and%20the%20Pacific/Mongolia%20%28Khuvsgul%20Aimag%29/2016/Final/Mongolia%202016%20MICS-CDS%20%28Khuvsgul%20Province%29_English.pdf
MICS5,East Asia and the Pacific,Mongolia (Nalaikh District),Mongolia,2016,Completed,Available,https://mics-surveys-prod.s3.amazonaws.com/MICS5/East%20Asia%20and%20the%20Pacific/Mongolia%20%28Nalaikh%20District%29/2016/Datasets/Mongolia%20%28Nalaikh%20District%29_MICS5_Datasets.zip,,,https://mics-surveys-prod.s3.amazonaws.com/MICS5/East%20Asia%20and%20the%20Pacific/Mongolia%20%28Nalaikh%20District%29/2016/Final/Mongolia%202016%20MICS-CDS%20%28Nalaikh%20District%29_English.pdf
MICS5,East Asia and the Pacific,Mongolia,Mongolia,2013-2014,Completed,Available,https://mics-surveys-prod.s3.amazonaws.com/MICS5/East%20Asia%20and%20the%20Pacific/Mongolia/2013-2014/Datasets/Mongolia_MICS5_Datasets.zip,,,https://mics-surveys-prod.s3.amazonaws.com/MICS5/East%20Asia%20and%20the%20Pacific/Mongolia/2013-2014/Final/Mongolia%202013-14%20MICS-SISS_English.pdf
MICS5,East Asia and the Pacific,Thailand (14 Provinces),Thailand,2016,Completed,Available,https://mics-surveys-prod.s3.amazonaws.com/MICS5/East%20Asia%20and%20the%20Pacific/Thailand%20%2814%20Provinces%29/2016/Datasets/Thailand_14_Provinces_MICS5_Datasets.zip,,,https://mics-surveys-prod.s3.amazonaws.com/MICS5/East%20Asia%20and%20the%20Pacific/Thailand%20%2814%20Provinces%29/2016/Final/Thailand%202015-16%20MICS%20%2814%20Provinces%29_English.pdf
MICS5,East Asia and the Pacific,Thailand (Bangkok Small Community),Thailand,2015-2016,Completed,Available,https://mics-surveys-prod.s3.amazonaws.com/MICS5/East%20Asia%20and%20the%20Pacific/Thailand%20%28Bangkok%20Small%20Community%29/2015-2016/Datasets/Thailand%20Bangkok_MICS5_Datasets.zip,,,https://mics-surveys-prod.s3.amazonaws.com/MICS5/East%20Asia%20and%20the%20Pacific/Thailand%20%28Bangkok%20Small%20Community%29/2015-2016/Final/Bangkok%20Small%20Community%20MICS%20_English.pdf
MICS5,East Asia and the Pacific,Thailand,Thailand,2015-2016,Completed,Available,https://mics-surveys-prod.s3.amazonaws.com/MICS5/East%20Asia%20and%20the%20Pacific/Thailand/2015-2016/Datasets/Thailand_MICS5_Datasets.zip,,,https://mics-surveys-prod.s3.amazonaws.com/MICS5/East%20Asia%20and%20the%20Pacific/Thailand/2015-2016/Final/Thailand%202015-16%20MICS_English.pdf.pdf
MICS5,East Asia and the Pacific,Viet Nam,Viet Nam,2013-2014,Completed,Available,https://mics-surveys-prod.s3.amazonaws.com/MICS5/East%20Asia%20and%20the%20Pacific/Viet%20Nam/2013-2014/Datasets/Viet%20Nam%202013-14%20MICS_Datasets.zip,,,https://mics-surveys-prod.s3.amazonaws.com/MICS5/East%20Asia%20and%20the%20Pacific/Viet%20Nam/2013-2014/Final/Viet%20Nam%202013-14%20MICS_English.pdf
MICS5,Eastern and Southern Africa,Eswatini,Eswatini,2014,Completed,Available,https://mics-surveys-prod.s3.amazonaws.com/MICS5/Eastern%20and%20Southern%20Africa/Eswatini/2014/Datasets/Swaziland_MICS5_Datasets.zip,,,https://mics-surveys-prod.s3.amazonaws.com/MICS5/Eastern%20and%20Southern%20Africa/Eswatini/2014/Final/Swaziland%202014%20MICS%20Final%20Report_English.pdf
MICS5,Eastern and Southern Africa,Kenya (Bungoma County),Kenya,2013-2014,Completed,Available,https://mics-surveys-prod.s3.amazonaws.com/MICS5/Eastern%20and%20Southern%20Africa/Kenya%20%28Bungoma%20County%29/2013-2014/Datasets/Kenya%20%28Bungoma%20County%29%202013-14%20MICS_Datasets.zip,,,https://mics-surveys-prod.s3.amazonaws.com/MICS5/Eastern%20and%20Southern%20Africa/Kenya%20%28Bungoma%20County%29/2013-2014/Final/Kenya%20%28Bungoma%20County%29%202013-14%20MICS_English.pdf
MICS5,Eastern and Southern Africa,Kenya (Kakamega County),Kenya,2013-2014,Completed,Available,https://mics-surveys-prod.s3.amazonaws.com/MICS5/Eastern%20and%20Southern%20Africa/Kenya%20%28Kakamega%20County%29/2013-2014/Datasets/Kenya%20%28Kakamega%20County%29%202013-14%20MICS_Datasets.zip,,,https://mics-surveys-prod.s3.amazonaws.com/MICS5/Eastern%20and%20Southern%20Africa/Kenya%20%28Kakamega%20County%29/2013-2014/Final/Kenya%20%28Kakamega%20County%29%202013-14%20MICS_English.pdf
MICS5,Eastern and Southern Africa,Kenya (Turkana County),Kenya,2013-2014,Completed,Available,https://mics-surveys-prod.s3.amazonaws.com/MICS5/Eastern%20and%20Southern%20Africa/Kenya%20%28Turkana%20County%29/2013-2014/Datasets/Kenya%20%28Turkana%20County%29%202013-14%20MICS_Datasets.zip,,,https://mics-surveys-prod.s3.amazonaws.com/MICS5/Eastern%20and%20Southern%20Africa/Kenya%20%28Turkana%20County%29/2013-2014/Final/Kenya%20%28Turkana%20County%29%202013-14%20MICS_English.pdf
MICS5,Eastern and Southern Africa,Malawi,Malawi,2013-2014,Completed,Available,https://mics-surveys-prod.s3.amazonaws.com/MICS5/Eastern%20and%20Southern%20Africa/Malawi/2013-2014/Datasets/Malawi%202013-14%20MICS_Datasets.zip,,,https://mics-surveys-prod.s3.amazonaws.com/MICS5/Eastern%20and%20Southern%20Africa/Malawi/2013-2014/Final/Malawi%202013-14%20MICS%20%28MDG%20Endline%20Survey%29_English.pdf
MICS5,Eastern and Southern Africa,Zimbabwe,Zimbabwe,2014,Completed,Available,https://mics-surveys-prod.s3.amazonaws.com/MICS5/Eastern%20and%20Southern%20Africa/Zimbabwe/2014/Datasets/Zimbabwe%202014%20MICS_Datasets.zip,,,https://mics-surveys-prod.s3.amazonaws.com/MICS5/Eastern%20and%20Southern%20Africa/Zimbabwe/2014/Final/Zimbabwe%202014%20MICS_English.pdf
MICS5,Europe and Central Asia,Kazakhstan,Kazakhstan,2015,Completed,Available,https://mics-surveys-prod.s3.amazonaws.com/MICS5/Europe%20and%20Central%20Asia/Kazakhstan/2015/Datasets/Kazakhstan_MICS5_Datasets.zip,,,https://mics-surveys-prod.s3.amazonaws.com/MICS5/Europe%20and%20Central%20Asia/Kazakhstan/2015/Final/Kazakhstan%202015%20MICS_English.pdf
MICS5,Europe and Central Asia,"Kosovo under UNSC res. 1244 (Roma, Ashkali, and Egyptian Communities)",Kosovo under UNSC res. 1244,2013-2014,Completed,Available,https://mics-surveys-prod.s3.amazonaws.com/MICS5/Europe%20and%20Central%20Asia/Kosovo%20under%20UNSC%20res.%201244%20%28Roma%2C%20Ashkali%2C%20and%20Egyptian%20Communities%29/2013-2014/Datasets/Kosovo%20%28UNSCR%201244%29%20%28Roma%2C%20Ashkali%2C%20and%20Egyptian%20Communities%29%202013-14%20MICS_Datasets.zip,,,https://mics-surveys-prod.s3.amazonaws.com/MICS5/Europe%20and%20Central%20Asia/Kosovo%20under%20UNSC%20res.%201244%20%28Roma%2C%20Ashkali%2C%20and%20Egyptian%20Communities%29/2013-2014/Final/Kosovo%20%28UNSCR%201244%29%20%28Roma%2C%20Ashkali%2C%20and%20Egyptian%20Communities%29%202013-14%20MICS_English.pdf
MICS5,Europe and Central Asia,Kosovo under UNSC res. 1244,Kosovo under UNSC res. 1244,2013-2014,Completed,Available,https://mics-surveys-prod.s3.amazonaws.com/MICS5/Europe%20and%20Central%20Asia/Kosovo%20under%20UNSC%20res.%201244/2013-2014/Datasets/Kosovo%20%28UNSCR%201244%29%202013-14%20MICS_Datasets.zip,,,https://mics-surveys-prod.s3.amazonaws.com/MICS5/Europe%20and%20Central%20Asia/Kosovo%20under%20UNSC%20res.%201244/2013-2014/Final/Kosovo%20%28UNSCR%201244%29%202013-14%20MICS_English.pdf
MICS5,Europe and Central Asia,Kyrgyzstan,Kyrgyzstan,2014,Completed,Available,https://mics-surveys-prod.s3.amazonaws.com/MICS5/Europe%20and%20Central%20Asia/Kyrgyzstan/2014/Datasets/Kyrgyzstan%202014%20MICS_Datasets.zip,,,https://mics-surveys-prod.s3.amazonaws.com/MICS5/Europe%20and%20Central%20Asia/Kyrgyzstan/2014/Final/Kyrgyzstan%202014%20MICS_English.pdf
MICS5,Europe and Central Asia,Montenegro (Roma Settlements),Montenegro,2013,Completed,Available,https://mics-surveys-prod.s3.amazonaws.com/MICS5/Europe%20and%20Central%20Asia/Montenegro%20%28Roma%20Settlements%29/2013/Datasets/Montenegro%20%28Roma%20Settlements%29%202013%20MICS_Datasets.zip,,,https://mics-surveys-prod.s3.amazonaws.com/MICS5/Europe%20and%20Central%20Asia/Montenegro%20%28Roma%20Settlements%29/2013/Final/Montenegro%20%28National%20and%20Roma%20Settlements%29%202013%20MICS_English.pdf
MICS5,Europe and Central Asia,Montenegro,Montenegro,2013,Completed,Available,https://mics-surveys-prod.s3.amazonaws.com/MICS5/Europe%20and%20Central%20Asia/Montenegro/2013/Datasets/Montenegro%202013%20MICS_Datasets.zip,,,https://mics-surveys-prod.s3.amazonaws.com/MICS5/Europe%20and%20Central%20Asia/Montenegro/2013/Final/Montenegro%20%28National%20and%20Roma%20Settlements%29%202013%20MICS_English.pdf
MICS5,Europe and Central Asia,Serbia (Roma Settlements),Serbia,2014,Completed,Available,https://mics-surveys-prod.s3.amazonaws.com/MICS5/Europe%20and%20Central%20Asia/Serbia%20%28Roma%20Settlements%29/2014/Datasets/Serbia%20%28Roma%20Settlements%29%202014%20MICS_Datasets.zip,,,https://mics-surveys-prod.s3.amazonaws.com/MICS5/Europe%20and%20Central%20Asia/Serbia%20%28Roma%20Settlements%29/2014/Final/Serbia%20%28National%20and%20Roma%20Settlements%29%202014%20MICS_English.pdf
MICS5,Europe and Central Asia,Serbia,Serbia,2014,Completed,Available,https://mics-surveys-prod.s3.amazonaws.com/MICS5/Europe%20and%20Central%20Asia/Serbia/2014/Datasets/Serbia%202014%20MICS_Datasets.zip,,,https://mics-surveys-prod.s3.amazonaws.com/MICS5/Europe%20and%20Central%20Asia/Serbia/2014/Final/Serbia%20%28National%20and%20Roma%20Settlements%29%202014%20MICS_English.pdf
MICS5,Europe and Central Asia,Turkmenistan,Turkmenistan,2015-2016,Completed,Available,https://mics-surveys-prod.s3.amazonaws.com/MICS5/Europe%20and%20Central%20Asia/Turkmenistan/2015-2016/Datasets/Turkmenistan_MICS5_Datasets.zip,,,https://mics-surveys-prod.s3.amazonaws.com/MICS5/Europe%20and%20Central%20Asia/Turkmenistan/2015-2016/Final/Turkmenistan%202015-2016%20MICS_English.pdf
MICS5,Latin America and Caribbean,Belize,Belize,2015-2016,Completed,Available,https://mics-surveys-prod.s3.amazonaws.com/MICS5/Latin%20America%20and%20Caribbean/Belize/2015-2016/Datasets/Belize_MICS5_Datasets.zip,,,https://mics-surveys-prod.s3.amazonaws.com/MICS5/Latin%20America%20and%20Caribbean/Belize/2015-2016/Final/Belize%202015-16%20MICS_English.pdf
MICS5,Latin America and Caribbean,Cuba,Cuba,2014,Completed,Available,https://mics-surveys-prod.s3.amazonaws.com/MICS5/Latin%20America%20and%20Caribbean/Cuba/2014/Datasets/Cuba%202014%20MICS_Datasets.zip,,,https://mics-surveys-prod.s3.amazonaws.com/MICS5/Latin%20America%20and%20Caribbean/Cuba/2014/Final/Cuba%202014%20MICS_Spanish.pdf
MICS5,Latin America and Caribbean,Dominican Republic,Dominican Republic,2014,Completed,Available,https://mics-surveys-prod.s3.amazonaws.com/MICS5/Latin%20America%20and%20Caribbean/Dominican%20Republic/2014/Datasets/Dominican%20Republic_MICS5_Datasets.zip,,,https://mics-surveys-prod.s3.amazonaws.com/MICS5/Latin%20America%20and%20Caribbean/Dominican%20Republic/2014/Final/Dominican%20Republic%202014%20MICS_Spanish.pdf
MICS5,Latin America and Caribbean,El Salvador,El Salvador,2014,Completed,Available,https://mics-surveys-prod.s3.amazonaws.com/MICS5/Latin%20America%20and%20Caribbean/El%20Salvador/2014/Datasets/El%20Salvador_MICS5_Datasets.zip,,,https://mics-surveys-prod.s3.amazonaws.com/MICS5/Latin%20America%20and%20Caribbean/El%20Salvador/2014/Final/El%20Salvador%202014%20MICS%20Final%20Report_Spanish.PDF
MICS5,Latin America and Caribbean,Guyana,Guyana,2014,Completed,Available,https://mics-surveys-prod.s3.amazonaws.com/MICS5/Latin%20America%20and%20Caribbean/Guyana/2014/Datasets/Guyana_MICS%202014_Datasets.zip,,,https://mics-surveys-prod.s3.amazonaws.com/MICS5/Latin%20America%20and%20Caribbean/Guyana/2014/Final/Guyana%202014%20MICS_English.pdf
MICS5,Latin America and Caribbean,Mexico,Mexico,2015,Completed,Available,https://mics-surveys-prod.s3.amazonaws.com/MICS5/Latin%20America%20and%20Caribbean/Mexico/2015/Datasets/Mexico_MICS5_Datasets.zip,,,https://mics-surveys-prod.s3.amazonaws.com/MICS5/Latin%20America%20and%20Caribbean/Mexico/2015/Final/Mexico%202015%20MICS_Spanish.pdf
MICS5,Latin America and Caribbean,Panama,Panama,2013,Completed,Available,https://mics-surveys-prod.s3.amazonaws.com/MICS5/Latin%20America%20and%20Caribbean/Panama/2013/Datasets/Panama%202013%20MICS_Datasets.zip,,,https://mics-surveys-prod.s3.amazonaws.com/MICS5/Latin%20America%20and%20Caribbean/Panama/2013/Key%20findings/Panama%202013%20MICS%20KFR_Spanish.pdf
MICS5,Latin America and Caribbean,Paraguay,Paraguay,2016,Completed,Available,https://mics-surveys-prod.s3.amazonaws.com/MICS5/Latin%20America%20and%20Caribbean/Paraguay/2016/Datasets/Paraguay_MICS5_Datasets.zip,,,https://mics-surveys-prod.s3.amazonaws.com/MICS5/Latin%20America%20and%20Caribbean/Paraguay/2016/Final/Paraguay%202016%20MICS_Spanish.pdf
MICS5,Middle East and North Africa,Egypt (Sub-national),Egypt,2013-2014,Completed,Available,https://mics-surveys-prod.s3.amazonaws.com/MICS5/Middle%20East%20and%20North%20Africa/Egypt%20%28Sub-national%29/2013-2014/Datasets/Egypt%20%28Sub-national%29%202013-14%20MICS_Datasets.zip,,,https://mics-surveys-prod.s3.amazonaws.com/MICS5/Middle%20East%20and%20North%20Africa/Egypt%20%28Sub-national%29/2013-2014/Final/Egypt%20%28Sub-national%29%202013-14%20MICS_English.pdf
MICS5,Middle East and North Africa,State of Palestine,State of Palestine,2014,Completed,Available,https://mics-surveys-prod.s3.amazonaws.com/MICS5/Middle%20East%20and%20North%20Africa/State%20of%20Palestine/2014/Datasets/State%20of%20Palestine%202014%20MICS_Datasets.zip,,,https://mics-surveys-prod.s3.amazonaws.com/MICS5/Middle%20East%20and%20North%20Africa/State%20of%20Palestine/2014/Final/State%20of%20Palestine%202014%20MICS_English.pdf
MICS5,Middle East and North Africa,Sudan,Sudan,2014,Completed,Available,https://mics-surveys-prod.s3.amazonaws.com/MICS5/Middle%20East%20and%20North%20Africa/Sudan/2014/Datasets/Sudan_MICS5_Datasets.zip,,,https://mics-surveys-prod.s3.amazonaws.com/MICS5/Middle%20East%20and%20North%20Africa/Sudan/2014/Final/Sudan%202014%20MICS_English.pdf
MICS5,South Asia,Bangladesh,Bangladesh,2012-2013,Completed,Available,https://mics-surveys-prod.s3.amazonaws.com/MICS5/South%20Asia/Bangladesh/2012-2013/Datasets/Bangladesh%202012-13%20MICS_Datasets.zip,,,https://mics-surveys-prod.s3.amazonaws.com/MICS5/South%20Asia/Bangladesh/2012-2013/Final/Bangladesh%202012-13%20MICS_English.pdf
MICS5,South Asia,Nepal,Nepal,2014,Completed,Available,https://mics-surveys-prod.s3.amazonaws.com/MICS5/South%20Asia/Nepal/2014/Datasets/Nepal%202014%20MICS_Datasets.zip,,,https://mics-surveys-prod.s3.amazonaws.com/MICS5/South%20Asia/Nepal/2014/Final/Nepal%202014%20MICS_English.pdf
MICS5,South Asia,Pakistan (Gilgit-Baltistan),Pakistan,2016-2017,Completed,Available,https://mics-surveys-prod.s3.amazonaws.com/MICS5/South%20Asia/Pakistan%20%28Gilgit-Baltistan%29/2016-2017/Datasets/Pakistan%20%28Gilgit%20Baltistan%29_MICS5_Datasets.zip,,,https://mics-surveys-prod.s3.amazonaws.com/MICS5/South%20Asia/Pakistan%20%28Gilgit-Baltistan%29/2016-2017/Final/Pakistan%202016-17%20MICS%20%28Gilgit-Baltistan%29_English.pdf
MICS5,South Asia,Pakistan (Khyber Pakhtunkhwa),Pakistan,2016-2017,Completed,Available,https://mics-surveys-prod.s3.amazonaws.com/MICS5/South%20Asia/Pakistan%20%28Khyber%20Pakhtunkhwa%29/2016-2017/Datasets/Pakistan_%28Khyber_Pakhtunkhwa%29_MICS5_Datasets.zip,,,https://mics-surveys-prod.s3.amazonaws.com/MICS5/South%20Asia/Pakistan%20%28Khyber%20Pakhtunkhwa%29/2016-2017/Final/Pakistan%202016-17%20MICS%20%28Khyber%20Pakhtunkhwa%29%20Final%20Report_English.pdf
MICS5,South Asia,Pakistan (Punjab),Pakistan,2014,Completed,Available,https://mics-surveys-prod.s3.amazonaws.com/MICS5/South%20Asia/Pakistan%20%28Punjab%29/2014/Datasets/Pakistan%20%28Punjab%29_MICS5_Datasets.zip,,,https://mics-surveys-prod.s3.amazonaws.com/MICS5/South%20Asia/Pakistan%20%28Punjab%29/2014/Final/Pakistan%20%28Punjab%29%202014%20MICS_English.pdf
MICS5,South Asia,Pakistan (Sindh),Pakistan,2014,Completed,Available,https://mics-surveys-prod.s3.amazonaws.com/MICS5/South%20Asia/Pakistan%20%28Sindh%29/2014/Datasets/Pakistan%20%28Sindh%29_MICS5_Datasets.zip,,,https://mics-surveys-prod.s3.amazonaws.com/MICS5/South%20Asia/Pakistan%20%28Sindh%29/2014/Final/Pakistan%20%28Sindh%29%202014%20MICS_English.pdf
MICS5,West and Central Africa,Benin,Benin,2014,Completed,Available,https://mics-surveys-prod.s3.amazonaws.com/MICS5/West%20and%20Central%20Africa/Benin/2014/Datasets/Benin_MICS5_Datasets.zip,,,https://mics-surveys-prod.s3.amazonaws.com/MICS5/West%20and%20Central%20Africa/Benin/2014/Final/Benin%202014%20MICS%20FR_French.pdf
MICS5,West and Central Africa,Cameroon,Cameroon,2014,Completed,Available,https://mics-surveys-prod.s3.amazonaws.com/MICS5/West%20and%20Central%20Africa/Cameroon/2014/Datasets/Cameroon_MICS5_Datasets.zip,,,https://mics-surveys-prod.s3.amazonaws.com/MICS5/West%20and%20Central%20Africa/Cameroon/2014/Final/Cameroon%202014%20MICS_French.pdf
MICS5,West and Central Africa,Congo,Congo,2014-2015,Completed,Available,https://mics-surveys-prod.s3.amazonaws.com/MICS5/West%20and%20Central%20Africa/Congo/2014-2015/Datasets/Congo_MICS5_Datasets.zip,,,https://mics-surveys-prod.s3.amazonaws.com/MICS5/West%20and%20Central%20Africa/Congo/2014-2015/Final/Congo%202014-15%20MICS_French.pdf
MICS5,West and Central Africa,C么te d'Ivoire,C么te d'Ivoire,2016,Completed,Available,https://mics-surveys-prod.s3.amazonaws.com/MICS5/West%20and%20Central%20Africa/C%C3%B4te%20d%27Ivoire/2016/Datasets/C%C3%B4te%20d%27Ivoire_MICS5Datasets.zip,,,https://mics-surveys-prod.s3.amazonaws.com/MICS5/West%20and%20Central%20Africa/C%C3%B4te%20d%27Ivoire/2016/Final/Cote%20d%27Ivoire%202016%20MICS_French.pdf
MICS5,West and Central Africa,Guinea-Bissau,Guinea-Bissau,2014,Completed,Available,https://mics-surveys-prod.s3.amazonaws.com/MICS5/West%20and%20Central%20Africa/Guinea-Bissau/2014/Datasets/Guinea%20Bissau_MICS5_Datasets.zip,,,https://mics-surveys-prod.s3.amazonaws.com/MICS5/West%20and%20Central%20Africa/Guinea-Bissau/2014/Final/Guinea-Bissau%202014%20MICS%20Final%20Report_Portuguese.pdf
MICS5,West and Central Africa,Guinea,Guinea,2016,Completed,Available,https://mics-surveys-prod.s3.amazonaws.com/MICS5/West%20and%20Central%20Africa/Guinea/2016/Datasets/Guinea_MICS5_Datasets.zip,,,https://mics-surveys-prod.s3.amazonaws.com/MICS5/West%20and%20Central%20Africa/Guinea/2016/Final/Guinea%202016%20MICS_French.pdf
MICS5,West and Central Africa,Mali,Mali,2015,Completed,Available,https://mics-surveys-prod.s3.amazonaws.com/MICS5/West%20and%20Central%20Africa/Mali/2015/Datasets/Mali_MICS5_Datasets.zip,,,https://mics-surveys-prod.s3.amazonaws.com/MICS5/West%20and%20Central%20Africa/Mali/2015/Final/Mali%202015%20MICS_French.zip
MICS5,West and Central Africa,Mauritania,Mauritania,2015,Completed,Available,https://mics-surveys-prod.s3.amazonaws.com/MICS5/West%20and%20Central%20Africa/Mauritania/2015/Datasets/Mauritania_MICS5_Datasets.zip,,,https://mics-surveys-prod.s3.amazonaws.com/MICS5/West%20and%20Central%20Africa/Mauritania/2015/Final/Mauritania%202015%20MICS_French.pdf
MICS5,West and Central Africa,Nigeria,Nigeria,2016-2017,Completed,Available,https://mics-surveys-prod.s3.amazonaws.com/MICS5/West%20and%20Central%20Africa/Nigeria/2016-2017/Datasets/Nigeria%20MICS5%20Datasets.zip,,,https://mics-surveys-prod.s3.amazonaws.com/MICS5/West%20and%20Central%20Africa/Nigeria/2016-2017/Final/Nigeria%202016-17%20MICS_English.zip
MICS5,West and Central Africa,Sao Tome and Principe,Sao Tome and Principe,2014,Completed,Available,https://mics-surveys-prod.s3.amazonaws.com/MICS5/West%20and%20Central%20Africa/Sao%20Tome%20and%20Principe/2014/Datasets/Sao%20Tome%20and%20Principe%202014%20MICS_Datasets.zip,,,https://mics-surveys-prod.s3.amazonaws.com/MICS5/West%20and%20Central%20Africa/Sao%20Tome%20and%20Principe/2014/Biomarker/Sao%20Tome%20and%20Principe%202014%20MICS%20Biomarker%20Report_Portuguese.pdf
MICS5,West and Central Africa,Senegal (Dakar City),Senegal,2015-2016,Completed,Available,https://mics-surveys-prod.s3.amazonaws.com/MICS5/West%20and%20Central%20Africa/Senegal%20%28Dakar%20City%29/2015-2016/Datasets/Senegal%20%28Dakar%29_MICS5_Datasets.zip,,,https://mics-surveys-prod.s3.amazonaws.com/MICS5/West%20and%20Central%20Africa/Senegal%20%28Dakar%20City%29/2015-2016/Final/Senegal%20%28Dakar%29%202015-16%20MICS_French.pdf
MICS6,East Asia and the Pacific,Kiribati,Kiribati,2018-2019,Completed,Available,https://mics-surveys-prod.s3.amazonaws.com/MICS6/East%20Asia%20and%20the%20Pacific/Kiribati/2018-2019/Datasets/Kiribati%20MICS6%20Datasets.zip,,,https://mics-surveys-prod.s3.amazonaws.com/MICS6/East%20Asia%20and%20the%20Pacific/Kiribati/2018-2019/Snapshots/Kiribati%20MICS%20KSDIS%202018-19%20Statistical%20Snapshots_English.pdf
MICS6,East Asia and the Pacific,Lao People's Democratic Republic,Lao People's Democratic Republic,2017,Completed,Available,https://mics-surveys-prod.s3.amazonaws.com/MICS6/East%20Asia%20and%20the%20Pacific/Lao%20People%27s%20Democratic%20Republic/2017/Datasets/Lao%20PDR%20MICS6%20Datasets.zip,,,https://mics-surveys-prod.s3.amazonaws.com/MICS6/East%20Asia%20and%20the%20Pacific/Lao%20People%27s%20Democratic%20Republic/2017/Survey%20findings/Lao%20PDR%202017%20MICS%20Social%20Indicator%20Survey%20II%20Survey%20Findings%20Report_English.pdf
MICS6,East Asia and the Pacific,Mongolia,Mongolia,2018,Completed,Available,https://mics-surveys-prod.s3.amazonaws.com/MICS6/East%20Asia%20and%20the%20Pacific/Mongolia/2018/Datasets/Mongolia%20MICS%202018%20SPSS%20Datasets.zip,,,https://mics-surveys-prod.s3.amazonaws.com/MICS6/East%20Asia%20and%20the%20Pacific/Mongolia/2018/Infographic/SISS2018_Infographic_English.pdf
MICS6,East Asia and the Pacific,Thailand,Thailand,2019,Completed,Available,https://mics-surveys-prod.s3.amazonaws.com/MICS6/East%20Asia%20and%20the%20Pacific/Thailand/2019/Datasets/Thailand%20MICS6%20Datasets.zip,,,https://mics-surveys-prod.s3.amazonaws.com/MICS6/East%20Asia%20and%20the%20Pacific/Thailand/2019/Key%20indicators/Thailand%202019%20MICS%20Summary%20of%20Key%20Indicators_English.pdf
MICS6,East Asia and the Pacific,Tonga,Tonga,2019,Completed,Available,https://mics-surveys-prod.s3.amazonaws.com/MICS6/East%20Asia%20and%20the%20Pacific/Tonga/2019/Datasets/Tonga%20MICS6%20Datasets.zip,,,https://mics-surveys-prod.s3.amazonaws.com/MICS6/East%20Asia%20and%20the%20Pacific/Tonga/2019/Preliminary/Tonga%202019%20MICS%20Fact%20Sheet%20Preliminary%20Results.pdf
MICS6,Eastern and Southern Africa,Lesotho,Lesotho,2018,Completed,Available,https://mics-surveys-prod.s3.amazonaws.com/MICS6/Eastern%20and%20Southern%20Africa/Lesotho/2018/Datasets/Lesotho_MICS6_datasets.zip,,,https://mics-surveys-prod.s3.amazonaws.com/MICS6/Eastern%20and%20Southern%20Africa/Lesotho/2018/Snapshots/Lesotho%202018%20MICS%20Statistical%20Snapshots_English.pdf
MICS6,Eastern and Southern Africa,Madagascar,Madagascar,2018,Completed,Available,https://mics-surveys-prod.s3.amazonaws.com/MICS6/Eastern%20and%20Southern%20Africa/Madagascar/2018/Datasets/Madagascar%20MICS6%20SPSS%20dataset.zip,,,https://mics-surveys-prod.s3.amazonaws.com/MICS6/Eastern%20and%20Southern%20Africa/Madagascar/2018/Executive%20summary/Madagascar%202018%20MICS%20Executive%20Summary_English.pdf
MICS6,Eastern and Southern Africa,Zimbabwe,Zimbabwe,2019,Completed,Available,https://mics-surveys-prod.s3.amazonaws.com/MICS6/Eastern%20and%20Southern%20Africa/Zimbabwe/2019/Datasets/Zimbabwe%20MICS6%20SPSS%20Datasets.zip,,,https://mics-surveys-prod.s3.amazonaws.com/MICS6/Eastern%20and%20Southern%20Africa/Zimbabwe/2019/Snapshots/Zimbabwe%202019%20MICS%20Snapshots%20of%20Key%20Findings_English.pdf
MICS6,Europe and Central Asia,Georgia,Georgia,2018,Completed,Available,https://mics-surveys-prod.s3.amazonaws.com/MICS6/Europe%20and%20Central%20Asia/Georgia/2018/Datasets/Georgia%20MICS6%20SPSS%20Datasets.zip,,,https://mics-surveys-prod.s3.amazonaws.com/MICS6/Europe%20and%20Central%20Asia/Georgia/2018/Snapshots/Georgia%20MICS%202018%20Statistical%20Snapshots_English.zip
MICS6,Europe and Central Asia,"Kosovo under UNSC res. 1244 (Roma, Ashkali, and Egyptian Communities)",Kosovo under UNSC res. 1244,2019-2020,Completed,Available,https://mics-surveys-prod.s3.amazonaws.com/MICS6/Europe%20and%20Central%20Asia/Kosovo%20under%20UNSC%20res.%201244%20%28Roma%2C%20Ashkali%2C%20and%20Egyptian%20Communities%29/2019-2020/Datasets/Kosovo%20%28UNSCR%201244%29%20%28Roma%2C%20Ashkali%20and%20Egyptian%20Communities%29%20MICS6%20Datasets.zip,,,https://mics-surveys-prod.s3.amazonaws.com/MICS6/Europe%20and%20Central%20Asia/Kosovo%20under%20UNSC%20res.%201244%20%28Roma%2C%20Ashkali%2C%20and%20Egyptian%20Communities%29/2019-2020/Snapshots/Kosovo%20%28UNSCR%201244%29%20MICS%202019-2020%20Statistical%20Snapshots_Albanian.zip
MICS6,Europe and Central Asia,Kosovo under UNSC res. 1244,Kosovo under UNSC res. 1244,2019-2020,Completed,Available,https://mics-surveys-prod.s3.amazonaws.com/MICS6/Europe%20and%20Central%20Asia/Kosovo%20under%20UNSC%20res.%201244/2019-2020/Datasets/Kosovo%20%28UNSCR%201244%29%20MICS6%20Datasets.zip,,,https://mics-surveys-prod.s3.amazonaws.com/MICS6/Europe%20and%20Central%20Asia/Kosovo%20under%20UNSC%20res.%201244/2019-2020/Snapshots/Kosovo%20%28UNSCR%201244%29%20MICS%202019-2020%20Statistical%20Snapshots_Albanian.zip
MICS6,Europe and Central Asia,Kyrgyzstan,Kyrgyzstan,2018,Completed,Available,https://mics-surveys-prod.s3.amazonaws.com/MICS6/Europe%20and%20Central%20Asia/Kyrgyzstan/2018/Datasets/Kyrgyz%20Republic%20MICS6%20Datasets.zip,,,https://mics-surveys-prod.s3.amazonaws.com/MICS6/Europe%20and%20Central%20Asia/Kyrgyzstan/2018/Snapshots/English.pdf
MICS6,Europe and Central Asia,Montenegro (Roma Settlements),Montenegro,2018,Completed,Available,https://mics-surveys-prod.s3.amazonaws.com/MICS6/Europe%20and%20Central%20Asia/Montenegro%20%28Roma%20Settlements%29/2018/Datasets/Montenegro%20%28Roma%20Settlements%29%20MICS6%20Datasets.zip,,,https://mics-surveys-prod.s3.amazonaws.com/MICS6/Europe%20and%20Central%20Asia/Montenegro%20%28Roma%20Settlements%29/2018/Snapshots/Montenegro%20Roma%20Settlements%202018%20MICS%20Statistical%20Snapshots_English.zip
MICS6,Europe and Central Asia,Montenegro,Montenegro,2018,Completed,Available,https://mics-surveys-prod.s3.amazonaws.com/MICS6/Europe%20and%20Central%20Asia/Montenegro/2018/Datasets/Montenegro%20MICS6%20Datasets.zip,,,https://mics-surveys-prod.s3.amazonaws.com/MICS6/Europe%20and%20Central%20Asia/Montenegro/2018/Snapshots/Montenegro%20National%202018%20MICS%20Statistical%20Snapshots_English.zip
MICS6,Europe and Central Asia,"North Macedonia, Republic of (Roma Settlements)","North Macedonia, Republic of",2018-2019,Completed,Available,https://mics-surveys-prod.s3.amazonaws.com/MICS6/Europe%20and%20Central%20Asia/North%20Macedonia%2C%20Republic%20of%20%28Roma%20Settlements%29/2018-2019/Datasets/Republic%20of%20North%20Macedonia%20%28Roma%20Settlements%29%20MICS6%20Datasets.zip,,,https://mics-surveys-prod.s3.amazonaws.com/MICS6/Europe%20and%20Central%20Asia/North%20Macedonia%2C%20Republic%20of%20%28Roma%20Settlements%29/2018-2019/Survey%20findings/North%20Macedonia%20and%20North%20Macedonia%20Roma%20Settlements%20MICS%202018-19%20SFR_English.pdf
MICS6,Europe and Central Asia,"North Macedonia, Republic of","North Macedonia, Republic of",2018-2019,Completed,Available,https://mics-surveys-prod.s3.amazonaws.com/MICS6/Europe%20and%20Central%20Asia/North%20Macedonia%2C%20Republic%20of/2018-2019/Datasets/Republic%20of%20North%20Macedonia%20MICS6%20Datasets.zip,,,https://mics-surveys-prod.s3.amazonaws.com/MICS6/Europe%20and%20Central%20Asia/North%20Macedonia%2C%20Republic%20of/2018-2019/Survey%20findings/North%20Macedonia%20and%20North%20Macedonia%20Roma%20Settlements%20MICS%202018-19%20SFR_English.pdf
MICS6,Europe and Central Asia,Serbia (Roma Settlements),Serbia,2019,Completed,Available,https://mics-surveys-prod.s3.amazonaws.com/MICS6/Europe%20and%20Central%20Asia/Serbia%20%28Roma%20Settlements%29/2019/Datasets/Serbia%20%28Roma%20Settlements%29%20MICS6%20Datasets.zip,,,https://mics-surveys-prod.s3.amazonaws.com/MICS6/Europe%20and%20Central%20Asia/Serbia%20%28Roma%20Settlements%29/2019/Snapshots/Serbia%20%28National%20and%20Roma%20Settlements%29%202019%20MICS%20Statistical%20Snapshots_English.pdf
MICS6,Europe and Central Asia,Serbia,Serbia,2019,Completed,Available,https://mics-surveys-prod.s3.amazonaws.com/MICS6/Europe%20and%20Central%20Asia/Serbia/2019/Datasets/Serbia%20MICS6%20Datasets.zip,,,https://mics-surveys-prod.s3.amazonaws.com/MICS6/Europe%20and%20Central%20Asia/Serbia/2019/Snapshots/Serbia%20%28National%20and%20Roma%20Settlements%29%202019%20MICS%20Statistical%20Snapshots_English.pdf
MICS6,Europe and Central Asia,Turkmenistan,Turkmenistan,2019,Completed,Available,https://mics-surveys-prod.s3.amazonaws.com/MICS6/Europe%20and%20Central%20Asia/Turkmenistan/2019/Datasets/Turkmenistan%20MICS6%20SPSS%20Datasets.zip,,,https://mics-surveys-prod.s3.amazonaws.com/MICS6/Europe%20and%20Central%20Asia/Turkmenistan/2019/Snapshots/Turkmenistan%202019%20MICS%20Statistical%20Snapshots_English.zip
MICS6,Latin America and Caribbean,Costa Rica,Costa Rica,2018,Completed,Available,https://mics-surveys-prod.s3.amazonaws.com/MICS6/Latin%20America%20and%20Caribbean/Costa%20Rica/2018/Datasets/Costa%20Rica%20MICS6%20SPSS%20Datasets.zip,,,https://mics-surveys-prod.s3.amazonaws.com/MICS6/Latin%20America%20and%20Caribbean/Costa%20Rica/2018/Snapshots/Costa%20Rica%202018%20MICS%20Statistical%20Snapshots_Spanish.zip
MICS6,Latin America and Caribbean,Cuba,Cuba,2019,Completed,Available,https://mics-surveys-prod.s3.amazonaws.com/MICS6/Latin%20America%20and%20Caribbean/Cuba/2019/Datasets/Cuba%20MICS6%20Datasets.zip,,,https://mics-surveys-prod.s3.amazonaws.com/MICS6/Latin%20America%20and%20Caribbean/Cuba/2019/Survey%20findings/Cuba%202019%20MICS%20SFR_Spanish.pdf
MICS6,Latin America and Caribbean,Suriname,Suriname,2018,Completed,Available,https://mics-surveys-prod.s3.amazonaws.com/MICS6/Latin%20America%20and%20Caribbean/Suriname/2018/Datasets/Suriname%20MICS6%20SPSS%20Datafiles.zip,,,https://mics-surveys-prod.s3.amazonaws.com/MICS6/Latin%20America%20and%20Caribbean/Suriname/2018/Snapshots/Suriname_MICS_2018_Snapshots_English.pdf
MICS6,Middle East and North Africa,Algeria,Algeria,2018-2019,Completed,Available,https://mics-surveys-prod.s3.amazonaws.com/MICS6/Middle%20East%20and%20North%20Africa/Algeria/2018-2019/Datasets/Algeria%20MICS6%20Datasets.zip,,,https://mics-surveys-prod.s3.amazonaws.com/MICS6/Middle%20East%20and%20North%20Africa/Algeria/2018-2019/Snapshots/Algeria%202018-19%20MICS-Snapshots_French.zip
MICS6,Middle East and North Africa,Iraq,Iraq,2018,Completed,Available,https://mics-surveys-prod.s3.amazonaws.com/MICS6/Middle%20East%20and%20North%20Africa/Iraq/2018/Datasets/Iraq%20MICS6%20Datasets.zip,,,https://mics-surveys-prod.s3.amazonaws.com/MICS6/Middle%20East%20and%20North%20Africa/Iraq/2018/Snapshots/Iraq%202018%20MICS%20Snapshots%20%5BSep%202020%5D_Arabic.zip
MICS6,Middle East and North Africa,State of Palestine,State of Palestine,2019-2020,Completed,Available,https://mics-surveys-prod.s3.amazonaws.com/MICS6/Middle%20East%20and%20North%20Africa/State%20of%20Palestine/2019-2020/Datasets/State%20of%20Palestine%20MICS6%20Datasets.zip,,,https://mics-surveys-prod.s3.amazonaws.com/MICS6/Middle%20East%20and%20North%20Africa/State%20of%20Palestine/2019-2020/Snapshots/State%20of%20Palestine%20MICS%202019-20%20Snapshots_Arabic.zip
MICS6,Middle East and North Africa,Tunisia,Tunisia,2018,Completed,Available,https://mics-surveys-prod.s3.amazonaws.com/MICS6/Middle%20East%20and%20North%20Africa/Tunisia/2018/Datasets/Tunisia%20MICS6%20Datasets.zip,,,https://mics-surveys-prod.s3.amazonaws.com/MICS6/Middle%20East%20and%20North%20Africa/Tunisia/2018/Snapshots/Tunisia%202018%20MICS%20Snapshots_French.zip
MICS6,South Asia,Bangladesh,Bangladesh,2019,Completed,Available,https://mics-surveys-prod.s3.amazonaws.com/MICS6/South%20Asia/Bangladesh/2019/Datasets/Bangladesh%20MICS6%20SPSS%20Datasets.zip,,,https://mics-surveys-prod.s3.amazonaws.com/MICS6/South%20Asia/Bangladesh/2019/Snapshots/Bangladesh%20MICS%202019%20Statistical%20Snapshots_English.zip
MICS6,South Asia,Nepal,Nepal,2019,Completed,Available,https://mics-surveys-prod.s3.amazonaws.com/MICS6/South%20Asia/Nepal/2019/Datasets/Nepal%20MICS6%20Datasets.zip,,,https://mics-surveys-prod.s3.amazonaws.com/MICS6/South%20Asia/Nepal/2019/Snapshots/Nepal%202019%20MICS%20Statistical%20Snapshots_English.zip
MICS6,South Asia,Pakistan (Punjab),Pakistan,2017-2018,Completed,Available,https://mics-surveys-prod.s3.amazonaws.com/MICS6/South%20Asia/Pakistan%20%28Punjab%29/2017-2018/Datasets/Pakistan%20Punjab%20MICS6%20Datasets.zip,,,https://mics-surveys-prod.s3.amazonaws.com/MICS6/South%20Asia/Pakistan%20%28Punjab%29/2017-2018/Snapshots/Pakistan%20Punjab%202017-18%20Snapshots_English.zip
MICS6,West and Central Africa,Central African Republic,Central African Republic,2018-2019,Completed,Available,https://mics-surveys-prod.s3.amazonaws.com/MICS6/West%20and%20Central%20Africa/Central%20African%20Republic/2018-2019/Datasets/Central%20African%20Republic%20MICS6%20Datasets.zip,,,https://mics-surveys-prod.s3.amazonaws.com/MICS6/West%20and%20Central%20Africa/Central%20African%20Republic/2018-2019/Survey%20findings/Central%20African%20Republic%202018-19%20MICS%20Survey%20Findings%20Report_French.pdf
MICS6,West and Central Africa,Chad,Chad,2019,Completed,Available,https://mics-surveys-prod.s3.amazonaws.com/MICS6/West%20and%20Central%20Africa/Chad/2019/Datasets/Chad%20MICS6%20Datasets.zip,,,https://mics-surveys-prod.s3.amazonaws.com/MICS6/West%20and%20Central%20Africa/Chad/2019/Survey%20findings/Chad%202019%20MICS%20Survey%20Findings%20Report_French.pdf
MICS6,West and Central Africa,"Congo, Democratic Republic of the","Congo, Democratic Republic of the",2017-2018,Completed,Available,https://mics-surveys-prod.s3.amazonaws.com/MICS6/West%20and%20Central%20Africa/Congo%2C%20Democratic%20Republic%20of%20the/2017-2018/Datasets/DRCongo%20MICS6%20SPSS%20Datafiles.zip,,,https://mics-surveys-prod.s3.amazonaws.com/MICS6/West%20and%20Central%20Africa/Congo%2C%20Democratic%20Republic%20of%20the/2017-2018/Snapshots/Congo%2C%20Democratic%20Republic%20of%20the%2C%202017-18%20MICS%20Snapshots_French.pdf
MICS6,West and Central Africa,Gambia,Gambia,2018,Completed,Available,https://mics-surveys-prod.s3.amazonaws.com/MICS6/West%20and%20Central%20Africa/Gambia/2018/Datasets/The-Gambia-MICS6-Datasets.zip,,,https://mics-surveys-prod.s3.amazonaws.com/MICS6/West%20and%20Central%20Africa/Gambia/2018/Snapshots/The%20Gambia%202018%20MICS%20Statistical%20Snapshots_English.pdf
MICS6,West and Central Africa,Ghana,Ghana,2017-2018,Completed,Available,https://mics-surveys-prod.s3.amazonaws.com/MICS6/West%20and%20Central%20Africa/Ghana/2017-2018/Datasets/Ghana%20MICS6%20SPSS%20Datasets.zip,,,https://mics-surveys-prod.s3.amazonaws.com/MICS6/West%20and%20Central%20Africa/Ghana/2017-2018/Snapshots/Ghana%202017-18%20MICS%20Statistical%20Snapshots_English.pdf
MICS6,West and Central Africa,Guinea-Bissau,Guinea-Bissau,2018-2019,Completed,Available,https://mics-surveys-prod.s3.amazonaws.com/MICS6/West%20and%20Central%20Africa/Guinea-Bissau/2018-2019/Datasets/Guinea%20Bissau%20MICS6%20Datasets.zip,,,https://mics-surveys-prod.s3.amazonaws.com/MICS6/West%20and%20Central%20Africa/Guinea-Bissau/2018-2019/Snapshots/Guinea%20Bissau%202018-19%20MICS%20Statistical%20Snapshots_Portuguese.pdf
MICS6,West and Central Africa,Sao Tome and Principe,Sao Tome and Principe,2019,Completed,Available,https://mics-surveys-prod.s3.amazonaws.com/MICS6/West%20and%20Central%20Africa/Sao%20Tome%20and%20Principe/2019/Datasets/Sao%20Tome%20and%20Principe%20MICS6%20Datasets.zip,,,https://mics-surveys-prod.s3.amazonaws.com/MICS6/West%20and%20Central%20Africa/Sao%20Tome%20and%20Principe/2019/Survey%20findings/Sao%20Tome%20e%20Principe%202019%20MICS%20Survey%20Findings%20Report_Portuguese.pdf
MICS6,West and Central Africa,Sierra Leone,Sierra Leone,2017,Completed,Available,https://mics-surveys-prod.s3.amazonaws.com/MICS6/West%20and%20Central%20Africa/Sierra%20Leone/2017/Datasets/Sierra%20Leone%20MICS6%20Datasets.zip,,,https://mics-surveys-prod.s3.amazonaws.com/MICS6/West%20and%20Central%20Africa/Sierra%20Leone/2017/Snapshots/Sierra%20Leone%202017%20MICS%20Statistical%20Snapshots_English.pdf
MICS6,West and Central Africa,Togo,Togo,2017,Completed,Available,https://mics-surveys-prod.s3.amazonaws.com/MICS6/West%20and%20Central%20Africa/Togo/2017/Datasets/Togo%20MICS6%20SPSS%20Datasets.zip,,,https://mics-surveys-prod.s3.amazonaws.com/MICS6/West%20and%20Central%20Africa/Togo/2017/Survey%20findings/Togo%202017%20MICS%20SFR-v2_French.pdf
